14.1.64.0/24,PH,PH-00,Manila,
14.1.65.0/24,PH,PH-00,Manila,
14.1.66.0/24,PH,PH-00,Manila,
14.1.67.0/24,PH,PH-00,Manila,
14.1.72.0/24,IN,IN-MH,Mumbai,
14.1.73.0/24,IN,IN-MH,Mumbai,
14.1.74.0/24,IN,IN-MH,Mumbai,
14.1.75.0/24,IN,IN-MH,Mumbai,
14.1.76.0/24,PK,PK-SD,Karachi,
14.1.77.0/24,PK,PK-SD,Karachi,
14.1.78.0/24,PK,PK-SD,Karachi,
14.1.79.0/24,PK,PK-SD,Karachi,
14.1.82.0/24,AU,AU-NSW,Sydney,
14.1.84.0/24,AU,AU-NSW,Sydney,
14.1.86.0/24,AU,AU-NSW,Sydney,
14.1.94.0/24,ID,ID-JK,Jakarta,
14.1.95.0/24,ID,ID-JK,Jakarta,
65.181.0.0/24,AU,AU-NSW,Sydney,
65.181.1.0/24,AU,AU-NSW,Sydney,
65.181.2.0/24,AU,AU-NSW,Sydney,
65.181.3.0/24,AU,AU-NSW,Sydney,
65.181.4.0/24,JP,JP-13,Tokyo,
65.181.5.0/24,JP,JP-13,Tokyo,
65.181.6.0/24,JP,JP-13,Tokyo,
65.181.7.0/24,JP,JP-13,Tokyo,
65.181.8.0/24,PH,PH-00,Manila,
65.181.9.0/24,PH,PH-00,Manila,
65.181.12.0/24,AU,AU-NSW,Sydney,
65.181.13.0/24,AU,AU-NSW,Sydney,
65.181.14.0/24,AU,AU-NSW,Sydney,
65.181.15.0/24,AU,AU-NSW,Sydney,
65.181.16.0/24,MY,MY-14,Kuala Lumpur,
65.181.17.0/24,MY,MY-14,Kuala Lumpur,
65.181.18.0/24,MY,MY-14,Kuala Lumpur,
65.181.19.0/24,MY,MY-14,Kuala Lumpur,
65.181.20.0/24,AU,AU-WA,Perth,
65.181.21.0/24,AU,AU-WA,Perth,
65.181.22.0/24,AU,AU-WA,Perth,
65.181.23.0/24,AU,AU-WA,Perth,
65.181.24.0/24,MY,MY-14,Kuala Lumpur,
65.181.25.0/24,MY,MY-14,Kuala Lumpur,
65.181.26.0/24,SG,SG-SG,Singapore,
65.181.28.0/24,SG,SG-SG,Singapore,
98.97.0.0/24,US,US-IL,Chicago,
98.97.1.0/24,US,US-IL,Chicago,
98.97.2.0/24,US,US-IL,Chicago,
98.97.3.0/24,US,US-IL,Chicago,
98.97.4.0/24,US,US-IL,Chicago,
98.97.5.0/24,US,US-IL,Chicago,
98.97.6.0/24,US,US-IL,Chicago,
98.97.7.0/24,US,US-IL,Chicago,
98.97.8.0/24,US,US-IL,Chicago,
98.97.9.0/24,US,US-IL,Chicago,
98.97.10.0/24,US,US-IL,Chicago,
98.97.11.0/24,US,US-IL,Chicago,
98.97.12.0/24,US,US-IL,Chicago,
98.97.13.0/24,US,US-IL,Chicago,
98.97.14.0/24,US,US-IL,Chicago,
98.97.15.0/24,US,US-IL,Chicago,
98.97.16.0/24,US,US-NY,New York,
98.97.17.0/24,US,US-NY,New York,
98.97.18.0/24,US,US-NY,New York,
98.97.19.0/24,US,US-NY,New York,
98.97.20.0/24,US,US-NY,New York,
98.97.21.0/24,US,US-NY,New York,
98.97.22.0/24,US,US-NY,New York,
98.97.23.0/24,US,US-NY,New York,
98.97.24.0/24,US,US-NY,New York,
98.97.25.0/24,US,US-NY,New York,
98.97.26.0/24,US,US-NY,New York,
98.97.27.0/24,US,US-NY,New York,
98.97.28.0/24,US,US-NY,New York,
98.97.29.0/24,US,US-NY,New York,
98.97.30.0/24,US,US-NY,New York,
98.97.31.0/24,US,US-NY,New York,
98.97.32.0/24,US,US-WA,Seattle,
98.97.33.0/24,US,US-WA,Seattle,
98.97.34.0/24,US,US-WA,Seattle,
98.97.35.0/24,US,US-WA,Seattle,
98.97.36.0/24,US,US-WA,Seattle,
98.97.37.0/24,US,US-WA,Seattle,
98.97.38.0/24,US,US-WA,Seattle,
98.97.39.0/24,US,US-WA,Seattle,
98.97.40.0/24,US,US-WA,Seattle,
98.97.41.0/24,US,US-WA,Seattle,
98.97.42.0/24,US,US-WA,Seattle,
98.97.43.0/24,US,US-WA,Seattle,
98.97.44.0/24,US,US-WA,Seattle,
98.97.45.0/24,US,US-WA,Seattle,
98.97.46.0/24,US,US-WA,Seattle,
98.97.47.0/24,US,US-WA,Seattle,
98.97.48.0/24,US,US-WA,Seattle,
98.97.49.0/24,US,US-WA,Seattle,
98.97.50.0/24,US,US-WA,Seattle,
98.97.51.0/24,US,US-WA,Seattle,
98.97.52.0/24,CA,CA-BC,Vancouver,
98.97.53.0/24,CA,CA-BC,Vancouver,
98.97.54.0/24,CA,CA-BC,Vancouver,
98.97.55.0/24,CA,CA-BC,Vancouver,
98.97.56.0/24,US,US-CA,Los Angeles,
98.97.57.0/24,US,US-CA,Los Angeles,
98.97.58.0/24,US,US-CA,Los Angeles,
98.97.59.0/24,US,US-CA,Los Angeles,
98.97.60.0/24,US,US-CA,Los Angeles,
98.97.61.0/24,US,US-CA,Los Angeles,
98.97.62.0/24,US,US-CA,Los Angeles,
98.97.63.0/24,US,US-CA,Los Angeles,
98.97.64.0/24,US,US-WA,Seattle,
98.97.65.0/24,US,US-WA,Seattle,
98.97.66.0/24,US,US-WA,Seattle,
98.97.67.0/24,US,US-WA,Seattle,
98.97.68.0/24,US,US-WA,Seattle,
98.97.69.0/24,US,US-WA,Seattle,
98.97.70.0/24,US,US-WA,Seattle,
98.97.71.0/24,US,US-WA,Seattle,
98.97.79.0/24,NG,NG-LA,Lagos,
98.97.80.0/24,US,US-TX,Dallas,
98.97.81.0/24,US,US-TX,Dallas,
98.97.82.0/24,US,US-TX,Dallas,
98.97.83.0/24,US,US-TX,Dallas,
98.97.84.0/24,US,US-TX,Dallas,
98.97.85.0/24,US,US-TX,Dallas,
98.97.86.0/24,US,US-TX,Dallas,
98.97.87.0/24,US,US-TX,Dallas,
98.97.88.0/24,US,US-TX,Dallas,
98.97.89.0/24,US,US-TX,Dallas,
98.97.90.0/24,US,US-TX,Dallas,
98.97.91.0/24,US,US-TX,Dallas,
98.97.92.0/24,US,US-TX,Dallas,
98.97.93.0/24,US,US-TX,Dallas,
98.97.94.0/24,US,US-TX,Dallas,
98.97.95.0/24,US,US-TX,Dallas,
98.97.96.0/24,US,US-WA,Seattle,
98.97.97.0/24,US,US-WA,Seattle,
98.97.98.0/24,US,US-WA,Seattle,
98.97.99.0/24,US,US-WA,Seattle,
98.97.100.0/24,US,US-WA,Seattle,
98.97.101.0/24,US,US-WA,Seattle,
98.97.102.0/24,US,US-WA,Seattle,
98.97.103.0/24,US,US-WA,Seattle,
98.97.104.0/24,US,US-CO,Denver,
98.97.105.0/24,US,US-CO,Denver,
98.97.106.0/24,US,US-CO,Denver,
98.97.107.0/24,US,US-CO,Denver,
98.97.108.0/24,US,US-CO,Denver,
98.97.109.0/24,US,US-CO,Denver,
98.97.110.0/24,US,US-CO,Denver,
98.97.111.0/24,US,US-CO,Denver,
98.97.112.0/24,US,US-WA,Seattle,
98.97.113.0/24,US,US-WA,Seattle,
98.97.114.0/24,US,US-WA,Seattle,
98.97.115.0/24,US,US-WA,Seattle,
98.97.116.0/24,US,US-WA,Seattle,
98.97.117.0/24,US,US-WA,Seattle,
98.97.118.0/24,US,US-WA,Seattle,
98.97.119.0/24,US,US-WA,Seattle,
98.97.120.0/24,US,US-CA,Los Angeles,
98.97.121.0/24,US,US-CA,Los Angeles,
98.97.122.0/24,US,US-CA,Los Angeles,
98.97.123.0/24,US,US-CA,Los Angeles,
98.97.124.0/24,US,US-CA,Los Angeles,
98.97.125.0/24,US,US-CA,Los Angeles,
98.97.126.0/24,US,US-CA,Los Angeles,
98.97.127.0/24,US,US-CA,Los Angeles,
98.97.128.0/24,CA,CA-AB,Calgary,
98.97.129.0/24,CA,CA-AB,Calgary,
98.97.130.0/24,CA,CA-AB,Calgary,
98.97.131.0/24,CA,CA-AB,Calgary,
98.97.132.0/24,CA,CA-AB,Calgary,
98.97.133.0/24,CA,CA-AB,Calgary,
98.97.134.0/24,CA,CA-AB,Calgary,
98.97.135.0/24,CA,CA-AB,Calgary,
98.97.136.0/24,US,US-CA,Los Angeles,
98.97.137.0/24,US,US-CA,Los Angeles,
98.97.138.0/24,US,US-CA,Los Angeles,
98.97.139.0/24,US,US-CA,Los Angeles,
98.97.140.0/24,US,US-CA,Los Angeles,
98.97.141.0/24,US,US-CA,Los Angeles,
98.97.142.0/24,US,US-CA,Los Angeles,
98.97.143.0/24,US,US-CA,Los Angeles,
98.97.144.0/24,CA,CA-BC,Vancouver,
98.97.145.0/24,CA,CA-BC,Vancouver,
98.97.146.0/24,CA,CA-BC,Vancouver,
98.97.147.0/24,CA,CA-BC,Vancouver,
98.97.148.0/24,CA,CA-BC,Vancouver,
98.97.149.0/24,CA,CA-BC,Vancouver,
98.97.150.0/24,CA,CA-BC,Vancouver,
98.97.151.0/24,CA,CA-BC,Vancouver,
98.97.152.0/24,US,US-CO,Denver,
98.97.153.0/24,US,US-CO,Denver,
98.97.154.0/24,US,US-CO,Denver,
98.97.155.0/24,US,US-CO,Denver,
98.97.156.0/24,US,US-CO,Denver,
98.97.157.0/24,US,US-CO,Denver,
98.97.158.0/24,US,US-CO,Denver,
98.97.159.0/24,US,US-CO,Denver,
98.97.160.0/24,CA,CA-AB,Calgary,
98.97.161.0/24,CA,CA-AB,Calgary,
98.97.162.0/24,CA,CA-AB,Calgary,
98.97.163.0/24,CA,CA-AB,Calgary,
98.97.164.0/24,CA,CA-BC,Vancouver,
98.97.165.0/24,CA,CA-BC,Vancouver,
98.97.166.0/24,CA,CA-BC,Vancouver,
98.97.167.0/24,CA,CA-BC,Vancouver,
98.97.168.0/24,US,US-GA,Atlanta,
98.97.169.0/24,US,US-GA,Atlanta,
98.97.170.0/24,US,US-GA,Atlanta,
98.97.171.0/24,US,US-GA,Atlanta,
98.97.172.0/24,US,US-GA,Atlanta,
98.97.173.0/24,US,US-GA,Atlanta,
98.97.174.0/24,US,US-GA,Atlanta,
98.97.175.0/24,US,US-GA,Atlanta,
98.97.176.0/24,US,US-GA,Atlanta,
98.97.177.0/24,US,US-GA,Atlanta,
98.97.178.0/24,US,US-GA,Atlanta,
98.97.179.0/24,US,US-GA,Atlanta,
98.97.180.0/24,US,US-GA,Atlanta,
98.97.181.0/24,US,US-GA,Atlanta,
98.97.182.0/24,US,US-GA,Atlanta,
98.97.183.0/24,US,US-GA,Atlanta,
98.97.184.0/24,US,US-WA,Seattle,
98.97.185.0/24,US,US-WA,Seattle,
98.97.186.0/24,US,US-WA,Seattle,
98.97.187.0/24,US,US-WA,Seattle,
98.97.188.0/24,US,US-WA,Seattle,
98.97.189.0/24,US,US-WA,Seattle,
98.97.190.0/24,US,US-WA,Seattle,
98.97.191.0/24,US,US-WA,Seattle,
102.215.57.0/24,NG,NG-LA,Lagos,
103.235.92.0/24,NZ,NZ-AUK,Auckland,
103.235.93.0/24,NZ,NZ-AUK,Auckland,
103.235.94.0/24,NZ,NZ-AUK,Auckland,
103.235.95.0/24,NZ,NZ-AUK,Auckland,
129.222.0.0/24,US,US-IL,Chicago,
129.222.1.0/24,US,US-IL,Chicago,
129.222.2.0/24,US,US-IL,Chicago,
129.222.3.0/24,US,US-IL,Chicago,
129.222.4.0/24,US,US-IL,Chicago,
129.222.5.0/24,US,US-IL,Chicago,
129.222.6.0/24,US,US-IL,Chicago,
129.222.7.0/24,US,US-IL,Chicago,
129.222.8.0/24,US,US-IL,Chicago,
129.222.9.0/24,US,US-IL,Chicago,
129.222.10.0/24,US,US-IL,Chicago,
129.222.11.0/24,US,US-IL,Chicago,
129.222.12.0/24,US,US-IL,Chicago,
129.222.13.0/24,US,US-IL,Chicago,
129.222.14.0/24,US,US-IL,Chicago,
129.222.15.0/24,US,US-IL,Chicago,
129.222.16.0/24,US,US-IL,Chicago,
129.222.17.0/24,US,US-IL,Chicago,
129.222.18.0/24,US,US-IL,Chicago,
129.222.19.0/24,US,US-IL,Chicago,
129.222.20.0/24,US,US-IL,Chicago,
129.222.21.0/24,US,US-IL,Chicago,
129.222.22.0/24,US,US-IL,Chicago,
129.222.23.0/24,US,US-IL,Chicago,
129.222.24.0/24,US,US-IL,Chicago,
129.222.25.0/24,US,US-IL,Chicago,
129.222.26.0/24,US,US-IL,Chicago,
129.222.27.0/24,US,US-IL,Chicago,
129.222.28.0/24,US,US-IL,Chicago,
129.222.29.0/24,US,US-IL,Chicago,
129.222.30.0/24,US,US-IL,Chicago,
129.222.31.0/24,US,US-IL,Chicago,
129.222.32.0/24,US,US-GA,Atlanta,
129.222.33.0/24,US,US-GA,Atlanta,
129.222.34.0/24,US,US-GA,Atlanta,
129.222.35.0/24,US,US-GA,Atlanta,
129.222.36.0/24,US,US-GA,Atlanta,
129.222.37.0/24,US,US-GA,Atlanta,
129.222.38.0/24,US,US-GA,Atlanta,
129.222.39.0/24,US,US-GA,Atlanta,
129.222.40.0/24,US,US-IL,Chicago,
129.222.41.0/24,US,US-IL,Chicago,
129.222.42.0/24,US,US-IL,Chicago,
129.222.43.0/24,US,US-IL,Chicago,
129.222.44.0/24,US,US-IL,Chicago,
129.222.45.0/24,US,US-IL,Chicago,
129.222.46.0/24,US,US-IL,Chicago,
129.222.47.0/24,US,US-IL,Chicago,
129.222.48.0/24,US,US-IL,Chicago,
129.222.49.0/24,US,US-IL,Chicago,
129.222.50.0/24,US,US-IL,Chicago,
129.222.51.0/24,US,US-IL,Chicago,
129.222.52.0/24,US,US-IL,Chicago,
129.222.53.0/24,US,US-IL,Chicago,
129.222.54.0/24,US,US-IL,Chicago,
129.222.55.0/24,US,US-IL,Chicago,
129.222.64.0/24,US,US-IL,Chicago,
129.222.65.0/24,US,US-IL,Chicago,
129.222.66.0/24,US,US-IL,Chicago,
129.222.67.0/24,US,US-IL,Chicago,
129.222.68.0/24,US,US-IL,Chicago,
129.222.69.0/24,US,US-IL,Chicago,
129.222.70.0/24,US,US-IL,Chicago,
129.222.71.0/24,US,US-IL,Chicago,
129.222.72.0/24,US,US-TX,Dallas,
129.222.73.0/24,US,US-TX,Dallas,
129.222.74.0/24,US,US-TX,Dallas,
129.222.75.0/24,US,US-TX,Dallas,
129.222.76.0/24,US,US-TX,Dallas,
129.222.77.0/24,US,US-TX,Dallas,
129.222.78.0/24,US,US-TX,Dallas,
129.222.79.0/24,US,US-TX,Dallas,
129.222.80.0/24,US,US-GA,Atlanta,
129.222.81.0/24,US,US-GA,Atlanta,
129.222.82.0/24,US,US-GA,Atlanta,
129.222.83.0/24,US,US-GA,Atlanta,
129.222.84.0/24,US,US-GA,Atlanta,
129.222.85.0/24,US,US-GA,Atlanta,
129.222.86.0/24,US,US-GA,Atlanta,
129.222.87.0/24,US,US-GA,Atlanta,
129.222.96.0/24,CA,CA-MB,Winnipeg,
129.222.97.0/24,CA,CA-MB,Winnipeg,
129.222.98.0/24,CA,CA-MB,Winnipeg,
129.222.99.0/24,CA,CA-MB,Winnipeg,
129.222.100.0/24,CA,CA-MB,Winnipeg,
129.222.101.0/24,CA,CA-MB,Winnipeg,
129.222.102.0/24,CA,CA-MB,Winnipeg,
129.222.103.0/24,CA,CA-MB,Winnipeg,
129.222.104.0/24,CA,CA-MB,Winnipeg,
129.222.105.0/24,CA,CA-MB,Winnipeg,
129.222.106.0/24,CA,CA-MB,Winnipeg,
129.222.107.0/24,CA,CA-MB,Winnipeg,
129.222.108.0/24,CA,CA-MB,Winnipeg,
129.222.109.0/24,CA,CA-MB,Winnipeg,
129.222.110.0/24,CA,CA-MB,Winnipeg,
129.222.111.0/24,CA,CA-MB,Winnipeg,
129.222.112.0/24,CA,CA-MB,Winnipeg,
129.222.113.0/24,CA,CA-MB,Winnipeg,
129.222.114.0/24,CA,CA-MB,Winnipeg,
129.222.115.0/24,CA,CA-MB,Winnipeg,
129.222.116.0/24,CA,CA-MB,Winnipeg,
129.222.117.0/24,CA,CA-MB,Winnipeg,
129.222.118.0/24,CA,CA-MB,Winnipeg,
129.222.119.0/24,CA,CA-MB,Winnipeg,
129.222.120.0/24,US,US-TX,Dallas,
129.222.121.0/24,US,US-TX,Dallas,
129.222.122.0/24,US,US-TX,Dallas,
129.222.123.0/24,MX,MX-DIF,Mexico City,
129.222.124.0/24,US,US-TX,Dallas,
129.222.125.0/24,US,US-TX,Dallas,
129.222.126.0/24,US,US-TX,Dallas,
129.222.127.0/24,MX,MX-DIF,Mexico City,
129.222.128.0/24,CA,CA-MB,Winnipeg,
129.222.129.0/24,CA,CA-MB,Winnipeg,
129.222.130.0/24,CA,CA-MB,Winnipeg,
129.222.131.0/24,CA,CA-MB,Winnipeg,
129.222.132.0/24,CA,CA-MB,Winnipeg,
129.222.133.0/24,CA,CA-SK,Regina,
129.222.136.0/24,CA,CA-ON,Toronto,
129.222.137.0/24,CA,CA-ON,Toronto,
129.222.138.0/24,CA,CA-ON,Toronto,
129.222.139.0/24,CA,CA-ON,Toronto,
129.222.140.0/24,CA,CA-ON,Toronto,
129.222.141.0/24,CA,CA-ON,Toronto,
129.222.142.0/24,CA,CA-ON,Toronto,
129.222.143.0/24,CA,CA-ON,Toronto,
129.222.144.0/24,CA,CA-ON,Toronto,
129.222.145.0/24,CA,CA-ON,Toronto,
129.222.146.0/24,CA,CA-ON,Toronto,
129.222.147.0/24,CA,CA-ON,Toronto,
129.222.148.0/24,CA,CA-ON,Toronto,
129.222.149.0/24,CA,CA-ON,Toronto,
129.222.150.0/24,CA,CA-ON,Toronto,
129.222.151.0/24,CA,CA-ON,Toronto,
129.222.152.0/24,CA,CA-ON,Toronto,
129.222.153.0/24,CA,CA-SK,Regina,
129.222.154.0/24,CA,CA-MB,Winnipeg,
129.222.155.0/24,CA,CA-ON,Toronto,
129.222.156.0/24,CA,CA-MB,Winnipeg,
129.222.157.0/24,CA,CA-MB,Winnipeg,
129.222.158.0/24,CA,CA-SK,Regina,
129.222.159.0/24,CA,CA-ON,Toronto,
129.222.160.0/24,US,US-MN,Minneapolis,
129.222.161.0/24,US,US-MN,Minneapolis,
129.222.162.0/24,US,US-MN,Minneapolis,
129.222.163.0/24,US,US-MN,Minneapolis,
129.222.164.0/24,US,US-MN,Minneapolis,
129.222.165.0/24,US,US-MN,Minneapolis,
129.222.166.0/24,US,US-MN,Minneapolis,
129.222.167.0/24,US,US-MN,Minneapolis,
129.222.168.0/24,CL,CL-RM,Santiago,
129.222.169.0/24,CL,CL-RM,Santiago,
129.222.170.0/24,CL,CL-RM,Santiago,
129.222.171.0/24,CL,CL-RM,Santiago,
129.222.172.0/24,CL,CL-RM,Santiago,
129.222.173.0/24,CL,CL-RM,Santiago,
129.222.174.0/24,CL,CL-RM,Santiago,
129.222.175.0/24,CL,CL-RM,Santiago,
129.222.176.0/24,PE,PE-LMA,Lima,
129.222.177.0/24,PE,PE-LMA,Lima,
129.222.178.0/24,EC,EC-P,Quito,
129.222.179.0/24,EC,EC-P,Quito,
129.222.180.0/24,CL,CL-RM,Santiago,
129.222.181.0/24,CL,CL-RM,Santiago,
129.222.182.0/24,PE,PE-LMA,Lima,
129.222.183.0/24,PE,PE-LMA,Lima,
129.222.184.0/24,CA,CA-ON,Toronto,
129.222.185.0/24,CA,CA-ON,Toronto,
129.222.186.0/24,CA,CA-ON,Toronto,
129.222.187.0/24,CA,CA-ON,Toronto,
129.222.188.0/24,CA,CA-ON,Toronto,
129.222.189.0/24,CA,CA-ON,Toronto,
129.222.190.0/24,CA,CA-ON,Toronto,
129.222.191.0/24,CA,CA-ON,Toronto,
129.222.192.0/24,CA,CA-ON,Toronto,
129.222.193.0/24,CA,CA-ON,Toronto,
129.222.194.0/24,CA,CA-ON,Toronto,
129.222.195.0/24,CA,CA-ON,Toronto,
129.222.196.0/24,CA,CA-ON,Toronto,
129.222.197.0/24,CA,CA-ON,Toronto,
129.222.198.0/24,CA,CA-ON,Toronto,
129.222.199.0/24,CA,CA-ON,Toronto,
129.222.200.0/24,CA,CA-QC,Montreal,
129.222.201.0/24,CA,CA-QC,Montreal,
129.222.202.0/24,CA,CA-QC,Montreal,
129.222.203.0/24,CA,CA-QC,Montreal,
129.222.204.0/24,CA,CA-QC,Montreal,
129.222.205.0/24,CA,CA-QC,Montreal,
129.222.206.0/24,CA,CA-QC,Montreal,
129.222.207.0/24,CA,CA-QC,Montreal,
129.222.208.0/24,CA,CA-QC,Montreal,
129.222.209.0/24,CA,CA-QC,Montreal,
129.222.210.0/24,CA,CA-QC,Montreal,
129.222.211.0/24,CA,CA-QC,Montreal,
129.222.212.0/24,CA,CA-QC,Montreal,
129.222.213.0/24,CA,CA-QC,Montreal,
129.222.214.0/24,CA,CA-QC,Montreal,
129.222.215.0/24,CA,CA-QC,Montreal,
129.222.216.0/24,US,US-NY,New York,
129.222.217.0/24,US,US-NY,New York,
129.222.218.0/24,US,US-NY,New York,
129.222.219.0/24,US,US-NY,New York,
129.222.220.0/24,US,US-NY,New York,
129.222.221.0/24,US,US-NY,New York,
129.222.222.0/24,US,US-NY,New York,
129.222.223.0/24,US,US-NY,New York,
129.222.224.0/24,US,US-NY,New York,
129.222.225.0/24,US,US-NY,New York,
129.222.226.0/24,US,US-NY,New York,
129.222.227.0/24,US,US-NY,New York,
129.222.228.0/24,US,US-NY,New York,
129.222.229.0/24,US,US-NY,New York,
129.222.230.0/24,US,US-NY,New York,
129.222.231.0/24,US,US-NY,New York,
129.222.232.0/24,US,US-NY,New York,
129.222.233.0/24,US,US-NY,New York,
129.222.234.0/24,US,US-NY,New York,
129.222.235.0/24,US,US-NY,New York,
129.222.236.0/24,US,US-NY,New York,
129.222.237.0/24,US,US-NY,New York,
129.222.238.0/24,US,US-NY,New York,
129.222.239.0/24,US,US-NY,New York,
129.222.240.0/24,US,US-NY,New York,
129.222.241.0/24,US,US-NY,New York,
129.222.242.0/24,US,US-NY,New York,
129.222.243.0/24,US,US-NY,New York,
129.222.244.0/24,US,US-NY,New York,
129.222.245.0/24,US,US-NY,New York,
129.222.246.0/24,US,US-NY,New York,
129.222.247.0/24,US,US-NY,New York,
129.222.248.0/24,US,US-GA,Atlanta,
129.222.249.0/24,US,US-GA,Atlanta,
129.222.250.0/24,US,US-GA,Atlanta,
129.222.251.0/24,US,US-GA,Atlanta,
129.222.252.0/24,US,US-GA,Atlanta,
129.222.253.0/24,US,US-GA,Atlanta,
129.222.254.0/24,US,US-GA,Atlanta,
129.222.255.0/24,US,US-GA,Atlanta,
129.224.192.0/24,US,US-TX,Dallas,
129.224.193.0/24,US,US-TX,Dallas,
129.224.194.0/24,US,US-TX,Dallas,
129.224.195.0/24,US,US-TX,Dallas,
129.224.196.0/24,US,US-TX,Dallas,
129.224.197.0/24,US,US-TX,Dallas,
129.224.198.0/24,US,US-TX,Dallas,
129.224.199.0/24,US,US-TX,Dallas,
129.224.211.0/24,CA,CA-NB,Fredericton,
129.224.212.0/24,CA,CA-NS,Halifax,
129.224.216.0/24,US,US-AK,Dutch Harbor,
129.224.217.0/24,CA,CA-NU,Iqaluit,
129.224.218.0/24,US,US-FL,Miami,
135.129.124.0/24,RW,RW-01,Kigali,
135.129.125.0/24,RW,RW-01,Kigali,
135.129.126.0/24,RW,RW-01,Kigali,
138.84.32.0/24,CL,CL-RM,Santiago,
138.84.33.0/24,CL,CL-RM,Santiago,
138.84.34.0/24,CL,CL-RM,Santiago,
138.84.35.0/24,CL,CL-RM,Santiago,
138.84.39.0/24,PE,PE-LMA,Lima,
138.84.41.0/24,CO,CO-DC,Bogota,
138.84.44.0/24,MX,MX-DIF,Mexico City,
138.84.45.0/24,MX,MX-DIF,Mexico City,
138.84.48.0/24,CO,CO-DC,Bogota,
138.84.50.0/24,CO,CO-DC,Bogota,
138.84.51.0/24,CO,CO-DC,Bogota,
138.84.54.0/24,MX,MX-DIF,Mexico City,
138.84.55.0/24,MX,MX-DIF,Mexico City,
138.84.62.0/24,MX,MX-DIF,Mexico City,
145.224.64.0/24,GB,GB-EN,London,
145.224.65.0/24,GB,GB-EN,London,
145.224.66.0/24,GB,GB-EN,London,
145.224.67.0/24,GB,GB-EN,London,
145.224.68.0/24,IE,IE-D,Dublin,
145.224.69.0/24,IE,IE-D,Dublin,
145.224.70.0/24,IE,IE-D,Dublin,
145.224.71.0/24,IE,IE-D,Dublin,
145.224.72.0/24,DE,DE-BE,Berlin,
145.224.73.0/24,DE,DE-BE,Berlin,
145.224.74.0/24,DE,DE-BE,Berlin,
145.224.75.0/24,DE,DE-BE,Berlin,
145.224.76.0/24,FR,FR-IDF,Paris,
145.224.77.0/24,FR,FR-IDF,Paris,
145.224.78.0/24,FR,FR-IDF,Paris,
145.224.79.0/24,FR,FR-IDF,Paris,
145.224.123.0/24,UA,UA-30,Kyiv,
145.224.127.0/24,ES,ES-MD,Madrid,
148.222.128.0/24,PY,PY-ASU,Asuncion,
148.222.129.0/24,PY,PY-ASU,Asuncion,
148.222.132.0/24,MX,MX-DIF,Mexico City,
148.222.133.0/24,MX,MX-DIF,Mexico City,
148.222.134.0/24,AR,AR-C,Buenos Aires,
148.222.135.0/24,AR,AR-C,Buenos Aires,
149.19.164.0/24,BR,BR-SP,Sao Paulo,
149.19.165.0/24,BR,BR-SP,Sao Paulo,
149.19.166.0/24,BR,BR-SP,Sao Paulo,
149.19.167.0/24,BR,BR-SP,Sao Paulo,
149.19.169.0/24,MX,MX-DIF,Mexico City,
149.19.172.0/24,BR,BR-SP,Sao Paulo,
149.19.173.0/24,BR,BR-SP,Sao Paulo,
169.155.224.0/24,DE,DE-BE,Berlin,
169.155.225.0/24,DE,DE-BE,Berlin,
169.155.226.0/24,DE,DE-BE,Berlin,
169.155.227.0/24,DE,DE-BE,Berlin,
169.155.228.0/24,DE,DE-BE,Berlin,
169.155.229.0/24,DE,DE-BE,Berlin,
169.155.230.0/24,DE,DE-BE,Berlin,
169.155.231.0/24,DE,DE-BE,Berlin,
169.155.232.0/24,UA,UA-30,Kyiv,
169.155.233.0/24,UA,UA-30,Kyiv,
169.155.234.0/24,UA,UA-30,Kyiv,
169.155.235.0/24,UA,UA-30,Kyiv,
169.155.236.0/24,UA,UA-30,Kyiv,
169.155.237.0/24,UA,UA-30,Kyiv,
169.155.238.0/24,UA,UA-30,Kyiv,
169.155.239.0/24,UA,UA-30,Kyiv,
169.155.240.0/24,BE,BE-BRU,Brussels,
169.155.241.0/24,BE,BE-BRU,Brussels,
169.155.242.0/24,BE,BE-BRU,Brussels,
169.155.243.0/24,BE,BE-BRU,Brussels,
169.155.244.0/24,GB,GB-EN,London,
169.155.245.0/24,GB,GB-EN,London,
169.155.246.0/24,GB,GB-EN,London,
169.155.247.0/24,GB,GB-EN,London,
169.155.248.0/24,FR,FR-IDF,Paris,
169.155.249.0/24,FR,FR-IDF,Paris,
169.155.250.0/24,FR,FR-IDF,Paris,
169.155.251.0/24,FR,FR-IDF,Paris,
169.155.252.0/24,FR,FR-IDF,Paris,
169.155.253.0/24,FR,FR-IDF,Paris,
169.155.254.0/24,FR,FR-IDF,Paris,
169.155.255.0/24,FR,FR-IDF,Paris,
170.203.200.0/24,CA,CA-BC,Vancouver,
170.203.201.0/24,CA,CA-BC,Vancouver,
170.203.202.0/24,CA,CA-BC,Vancouver,
170.203.203.0/24,CA,CA-BC,Vancouver,
170.203.204.0/24,CA,CA-BC,Vancouver,
170.203.205.0/24,CA,CA-BC,Vancouver,
170.203.206.0/24,CA,CA-BC,Vancouver,
170.203.207.0/24,CA,CA-BC,Vancouver,
170.203.208.0/24,CA,CA-AB,Calgary,
170.203.209.0/24,CA,CA-AB,Calgary,
170.203.210.0/24,CA,CA-AB,Calgary,
170.203.211.0/24,CA,CA-AB,Calgary,
170.203.212.0/24,CA,CA-AB,Calgary,
170.203.213.0/24,CA,CA-AB,Calgary,
170.203.214.0/24,CA,CA-AB,Calgary,
170.203.215.0/24,CA,CA-AB,Calgary,
170.203.216.0/24,CA,CA-BC,Vancouver,
170.203.217.0/24,CA,CA-BC,Vancouver,
170.203.218.0/24,CA,CA-BC,Vancouver,
170.203.219.0/24,CA,CA-BC,Vancouver,
170.203.220.0/24,CA,CA-AB,Calgary,
170.203.221.0/24,CA,CA-AB,Calgary,
170.203.222.0/24,CA,CA-AB,Calgary,
170.203.223.0/24,CA,CA-AB,Calgary,
176.116.124.0/24,ES,ES-MD,Madrid,
176.116.125.0/24,ES,ES-MD,Madrid,
179.60.168.0/24,BR,BR-CE,Fortaleza,
179.60.169.0/24,BR,BR-CE,Fortaleza,
179.60.170.0/24,BR,BR-CE,Fortaleza,
179.60.171.0/24,BR,BR-CE,Fortaleza,
188.92.249.0/24,GB,GB-EN,London,
188.92.250.0/24,GB,GB-EN,London,
205.174.157.0/24,US,US-AK,Nome,
206.83.96.0/24,AU,AU-NSW,Sydney,
206.83.97.0/24,AU,AU-NSW,Sydney,
206.83.98.0/24,AU,AU-NSW,Sydney,
206.83.99.0/24,AU,AU-NSW,Sydney,
206.83.100.0/24,AU,AU-NSW,Sydney,
206.83.101.0/24,NZ,NZ-AUK,Auckland,
206.83.102.0/24,NZ,NZ-AUK,Auckland,
206.83.103.0/24,NZ,NZ-AUK,Auckland,
206.83.107.0/24,AU,AU-NSW,Sydney,
206.83.112.0/24,AU,AU-NSW,Sydney,
206.83.113.0/24,AU,AU-NSW,Sydney,
206.83.114.0/24,AU,AU-NSW,Sydney,
206.83.115.0/24,NZ,NZ-AUK,Auckland,
206.83.116.0/24,NZ,NZ-AUK,Auckland,
206.83.118.0/24,AU,AU-NSW,Sydney,
206.83.119.0/24,AU,AU-NSW,Sydney,
206.83.120.0/24,AU,AU-NSW,Sydney,
206.83.121.0/24,AU,AU-NSW,Sydney,
206.83.122.0/24,AU,AU-NSW,Sydney,
206.83.123.0/24,AU,AU-NSW,Sydney,
209.198.128.0/24,UA,UA-30,Kyiv,
209.198.129.0/24,UA,UA-30,Kyiv,
209.198.130.0/24,UA,UA-30,Kyiv,
209.198.131.0/24,UA,UA-30,Kyiv,
216.128.2.0/24,GB,GB-EN,London,
216.128.3.0/24,GB,GB-EN,London,
216.128.10.0/24,ES,ES-MD,Madrid,
216.128.14.0/24,IL,IL-JM,Jerusalem,
216.128.15.0/24,IL,IL-JM,Jerusalem,
216.128.16.0/24,AT,AT-9,Vienna,
216.128.17.0/24,DE,DE-BE,Berlin,
216.128.18.0/24,DE,DE-BE,Berlin,
216.128.22.0/24,FR,FR-IDF,Paris,
216.128.23.0/24,FR,FR-IDF,Paris,
216.128.28.0/24,GB,GB-EN,London,
216.128.29.0/24,GB,GB-EN,London,
216.147.120.0/24,US,US-CO,Denver,
216.147.121.0/24,US,US-CO,Denver,
216.147.122.0/24,US,US-CO,Denver,
216.147.123.0/24,US,US-CO,Denver,
216.147.124.0/24,US,US-CO,Denver,
216.147.125.0/24,US,US-CO,Denver,
216.147.126.0/24,US,US-CO,Denver,
216.147.127.0/24,US,US-CO,Denver,
14.1.70.0/25,MV,MV-MLE,Malé,
14.1.70.128/25,SN,SN-DK,Dakar,
14.1.71.0/25,MV,MV-MLE,Malé,
14.1.71.128/25,SN,SN-DK,Dakar,
14.1.80.0/25,AU,AU-NSW,Sydney,
14.1.80.128/25,AU,AU-NSW,Sydney,
14.1.81.0/25,MN,MN-1,Ulaanbaatar,
14.1.81.128/25,MN,MN-1,Ulaanbaatar,
14.1.83.0/25,MV,MV-MLE,Malé,
14.1.83.128/25,MV,MV-MLE,Malé,
14.1.88.0/25,NF,NF-NF,Kingston,
14.1.88.128/25,NF,NF-NF,Kingston,
14.1.89.128/25,CX,CX-CX,Flying Fish Cove,
14.1.90.0/25,CX,CX-CX,Flying Fish Cove,
14.1.91.0/25,CC,CC-CC,West Island,
14.1.91.128/25,CC,CC-CC,West Island,
14.1.92.0/25,PH,PH-00,Manila,
14.1.92.128/25,PH,PH-00,Manila,
65.181.10.0/25,TO,TO-04,Nuku'alofa,
65.181.11.0/25,AU,AU-NSW,Sydney,
65.181.11.128/25,AU,AU-NSW,Sydney,
65.181.27.0/25,SG,SG-SG,Singapore,
65.181.27.128/25,SG,SG-SG,Singapore,
65.181.29.0/25,SG,SG-SG,Singapore,
65.181.29.128/25,SG,SG-SG,Singapore,
65.181.31.0/25,AU,AU-NSW,Sydney,
65.181.31.128/25,AU,AU-NSW,Sydney,
66.9.160.0/25,PM,PM-PM,Saint-Pierre,
66.9.160.128/25,PM,PM-PM,Saint-Pierre,
91.102.181.0/25,MZ,MZ-MPM,Maputo,
91.102.181.128/25,MZ,MZ-MPM,Maputo,
91.102.183.0/25,UA,UA-30,Kyiv,
91.102.183.128/25,PL,PL-14,Warsaw,
98.97.72.0/25,US,US-TX,Dallas,
98.97.72.128/25,US,US-TX,Dallas,
98.97.73.0/25,US,US-WA,Seattle,
98.97.74.0/25,GU,GU-HGT,Hagatna,
98.97.74.128/25,GU,GU-HGT,Hagatna,
98.97.75.0/25,PR,PR-630,San Juan,
98.97.75.128/25,PR,PR-630,San Juan,
98.97.76.0/25,VI,VI-VI,Charlotte Amalie,
98.97.76.128/25,VI,VI-VI,Charlotte Amalie,
98.97.78.0/25,NG,NG-LA,Lagos,
98.97.78.128/25,NG,NG-LA,Lagos,
102.215.56.0/25,NG,NG-LA,Lagos,
102.215.56.128/25,NG,NG-LA,Lagos,
103.152.126.0/25,AQ,AQ-AQ,Antarctica,
103.152.126.128/25,AQ,AQ-AQ,Antarctica,
103.152.127.0/25,AQ,AQ-AQ,Antarctica,
103.152.127.128/25,AQ,AQ-AQ,Antarctica,
103.184.179.0/25,ID,ID-JK,Jakarta,
103.184.179.128/25,ID,ID-JK,Jakarta,
129.222.61.0/25,HT,HT-OU,Port-au-Prince,
129.222.134.0/25,CA,CA-SK,Regina,
129.222.135.0/25,CA,CA-SK,Regina,
129.224.200.0/25,BS,BS-BS,Nassau,
129.224.200.128/25,BS,BS-BS,Nassau,
129.224.203.128/25,ZM,ZM-09,Lusaka,
129.224.206.0/25,US,US-WA,Seattle,
129.224.207.0/25,US,US-WA,Seattle,
129.224.207.128/25,US,US-WA,Seattle,
129.224.208.0/25,CA,CA-NB,Fredericton,
129.224.208.128/25,CA,CA-NB,Fredericton,
129.224.209.128/25,CA,CA-NS,Halifax,
129.224.210.0/25,CA,CA-NS,Halifax,
135.129.112.0/25,VI,VI-VI,Charlotte Amalie,
135.129.112.128/25,PR,PR-630,San Juan,
135.129.113.0/25,MQ,MQ-MQ,Fort-de-France,
135.129.113.128/25,MF,MF-MF,Marigot,
135.129.114.0/25,LC,LC-LC,Castries,
135.129.114.128/25,JM,JM-01,Kingston,
135.129.115.0/25,HT,HT-OU,Port-au-Prince,
135.129.115.128/25,GP,GP-GP,Basse-Terre,
135.129.116.0/25,GD,GD-GD,Saint George,
135.129.116.128/25,DM,DM-DM,Roseau,
135.129.117.0/25,BL,BL-BL,Gustavia,
135.129.117.128/25,BB,BB-08,Bridgetown,
135.129.120.0/25,RE,RE-RE,Saint-Denis,
135.129.121.0/25,YT,YT-YT,Mayotte,
135.129.121.128/25,GE,GE-TB,Tbilisi,
135.129.244.0/25,US,US-WA,Seattle,
135.129.244.128/25,US,US-WA,Seattle,
138.84.36.0/25,DO,DO-01,Santo Domingo,
138.84.36.128/25,DO,DO-01,Santo Domingo,
138.84.37.128/25,TT,TT-POS,Port of Spain,
138.84.38.0/25,PE,PE-LMA,Lima,
138.84.38.128/25,PE,PE-LMA,Lima,
138.84.40.0/25,CO,CO-DC,Bogota,
138.84.40.128/25,CO,CO-DC,Bogota,
138.84.42.0/25,BR,BR-SP,Sao Paulo,
138.84.42.128/25,BR,BR-SP,Sao Paulo,
138.84.43.0/25,BR,BR-SP,Sao Paulo,
138.84.43.128/25,BR,BR-SP,Sao Paulo,
138.84.46.0/25,PA,PA-8,Panama City,
138.84.46.128/25,PA,PA-8,Panama City,
138.84.49.0/25,EC,EC-P,Quito,
138.84.49.128/25,CO,CO-DC,Bogota,
138.84.53.0/25,EC,EC-P,Quito,
138.84.53.128/25,EC,EC-P,Quito,
138.84.56.128/25,MX,MX-DIF,Mexico City,
138.84.60.0/25,MX,MX-DIF,Mexico City,
138.84.61.0/25,MX,MX-DIF,Mexico City,
138.84.63.0/25,HN,HN-FM,Tegucigalpa,
138.84.63.128/25,HN,HN-FM,Tegucigalpa,
145.224.80.0/25,IT,IT-62,Rome,
145.224.80.128/25,DE,DE-BE,Berlin,
145.224.81.0/25,NL,NL-NH,Amsterdam,
145.224.81.128/25,NL,NL-NH,Amsterdam,
145.224.82.0/25,AT,AT-9,Vienna,
145.224.82.128/25,AT,AT-9,Vienna,
145.224.83.0/25,BE,BE-BRU,Brussels,
145.224.83.128/25,BE,BE-BRU,Brussels,
145.224.84.0/25,PL,PL-14,Warsaw,
145.224.84.128/25,PL,PL-14,Warsaw,
145.224.85.0/25,IT,IT-62,Rome,
145.224.85.128/25,IT,IT-62,Rome,
145.224.91.128/25,MD,MD-CU,Chisinau,
145.224.94.0/25,UA,UA-30,Kyiv,
145.224.94.128/25,UA,UA-30,Kyiv,
145.224.95.0/25,ZM,ZM-09,Lusaka,
145.224.95.128/25,ZM,ZM-09,Lusaka,
145.224.96.0/25,DE,DE-BE,Berlin,
145.224.96.128/25,DE,DE-BE,Berlin,
145.224.97.0/25,NL,NL-NH,Amsterdam,
145.224.97.128/25,NL,NL-NH,Amsterdam,
145.224.98.0/25,AT,AT-9,Vienna,
145.224.98.128/25,AT,AT-9,Vienna,
145.224.99.0/25,BE,BE-BRU,Brussels,
145.224.99.128/25,BE,BE-BRU,Brussels,
145.224.100.0/25,PL,PL-14,Warsaw,
145.224.100.128/25,PL,PL-14,Warsaw,
145.224.103.128/25,IT,IT-62,Rome,
145.224.104.0/25,IT,IT-62,Rome,
145.224.110.0/25,DK,DK-84,Copenhagen,
145.224.110.128/25,DK,DK-84,Copenhagen,
145.224.111.0/25,MD,MD-CU,Chisinau,
145.224.116.0/25,NL,NL-NH,Amsterdam,
145.224.116.128/25,AT,AT-9,Vienna,
145.224.117.0/25,GB,GB-EN,London,
145.224.117.128/25,IT,IT-62,Rome,
145.224.118.0/25,PL,PL-14,Warsaw,
145.224.118.128/25,EE,EE-37,Tallinn,
145.224.119.0/25,NO,NO-03,Oslo,
145.224.121.0/25,UA,UA-30,Kyiv,
145.224.121.128/25,UA,UA-30,Kyiv,
145.224.122.0/25,UA,UA-30,Kyiv,
145.224.122.128/25,UA,UA-30,Kyiv,
145.224.124.0/25,ES,ES-MD,Madrid,
145.224.124.128/25,ES,ES-MD,Madrid,
148.222.130.128/25,AR,AR-C,Buenos Aires,
148.222.131.0/25,AR,AR-C,Buenos Aires,
149.19.161.0/25,BR,BR-SP,Sao Paulo,
149.19.161.128/25,BR,BR-SP,Sao Paulo,
149.19.162.0/25,AR,AR-C,Buenos Aires,
149.19.162.128/25,AR,AR-C,Buenos Aires,
149.19.163.0/25,CO,CO-DC,Bogota,
149.19.163.128/25,CO,CO-DC,Bogota,
149.19.168.0/25,MX,MX-DIF,Mexico City,
149.19.168.128/25,MX,MX-DIF,Mexico City,
149.19.170.0/25,MX,MX-DIF,Mexico City,
149.19.170.128/25,MX,MX-DIF,Mexico City,
149.19.171.0/25,MX,MX-DIF,Mexico City,
149.19.171.128/25,MX,MX-DIF,Mexico City,
149.19.174.0/25,BR,BR-SP,Sao Paulo,
149.19.175.0/25,DO,DO-01,Santo Domingo,
149.19.175.128/25,TT,TT-POS,Port of Spain,
162.43.192.0/25,AL,AL-11,Tirana,
162.43.192.128/25,MK,MK-77,Skopje,
162.43.193.0/25,MT,MT-MT,Valletta,
162.43.193.128/25,RS,RS-00,Belgrade,
162.43.194.0/25,ES,ES-MD,Madrid,
162.43.194.128/25,LV,LV-RIX,Riga,
162.43.195.0/25,GR,GR-IX,Athens,
162.43.195.128/25,BE,BE-BRU,Brussels,
170.203.192.0/25,GF,GF-GF,Cayenne,
170.203.192.128/25,GF,GF-GF,Cayenne,
179.60.172.0/25,BR,BR-SP,Sao Paulo,
179.60.172.128/25,BR,BR-SP,Sao Paulo,
179.60.173.0/25,SV,SV-SS,San Salvador,
179.60.174.0/25,CR,CR-SJ,San Jose,
179.60.174.128/25,CR,CR-SJ,San Jose,
179.60.175.128/25,GT,GT-CU,Guatemala City,
188.92.252.0/25,LT,LT-VL,Vilnius,
188.92.252.128/25,HU,HU-BU,Budapest,
188.92.253.0/25,BG,BG-22,Sofia,
188.92.253.128/25,SI,SI-061,Ljubljana,
188.92.255.0/25,SK,SK-BL,Bratislava,
206.83.104.0/25,SB,SB-CT,Honiara,
206.83.105.0/25,FJ,FJ-C,Suva,
206.83.105.128/25,JP,JP-13,Tokyo,
206.83.108.0/25,TO,TO-04,Nuku'alofa,
206.83.109.0/25,SB,SB-CT,Honiara,
206.83.109.128/25,FJ,FJ-C,Suva,
206.83.117.128/25,AU,AU-NSW,Sydney,
206.83.124.0/25,JP,JP-13,Tokyo,
206.83.124.128/25,JP,JP-13,Tokyo,
206.83.125.0/25,JP,JP-13,Tokyo,
206.83.125.128/25,JP,JP-13,Tokyo,
206.83.126.0/25,PH,PH-00,Manila,
206.83.126.128/25,PH,PH-00,Manila,
209.198.133.0/25,MW,MW-LI,Lilongwe,
209.198.133.128/25,MW,MW-LI,Lilongwe,
209.198.134.0/25,BJ,BJ-OU,Porto-Novo,
209.198.134.128/25,BJ,BJ-OU,Porto-Novo,
209.198.136.0/25,FI,FI-18,Helsinki,
209.198.136.128/25,LU,LU-LU,Luxembourg,
209.198.137.0/25,IS,IS-GUF,Reykjavik,
209.198.137.128/25,IT,IT-62,Rome,
209.198.138.0/25,PL,PL-14,Warsaw,
209.198.138.128/25,PL,PL-14,Warsaw,
209.198.139.0/25,ES,ES-MD,Madrid,
209.198.139.128/25,ES,ES-MD,Madrid,
209.198.140.0/25,GG,GG-GG,Saint Peter Port,
209.198.140.128/25,GG,GG-GG,Saint Peter Port,
209.198.141.0/25,IS,IS-GUF,Reykjavik,
209.198.141.128/25,IS,IS-GUF,Reykjavik,
209.198.142.0/25,UA,UA-30,Kyiv,
209.198.143.0/25,IE,IE-D,Dublin,
209.198.143.128/25,SK,SK-BL,Bratislava,
209.198.144.0/25,SI,SI-061,Ljubljana,
209.198.144.128/25,SE,SE-AB,Stockholm,
209.198.145.0/25,RO,RO-B,Bucharest,
209.198.145.128/25,PL,PL-14,Warsaw,
209.198.146.0/25,NO,NO-03,Oslo,
209.198.146.128/25,MD,MD-CU,Chisinau,
209.198.147.0/25,LT,LT-VL,Vilnius,
209.198.147.128/25,HU,HU-BU,Budapest,
209.198.148.0/25,HR,HR-21,Zagreb,
209.198.148.128/25,BG,BG-22,Sofia,
209.198.149.0/25,YT,YT-YT,Mayotte,
209.198.149.128/25,RS,RS-00,Belgrade,
209.198.150.0/25,RE,RE-RE,Saint-Denis,
209.198.150.128/25,MT,MT-MT,Valletta,
209.198.151.0/25,MK,MK-77,Skopje,
209.198.151.128/25,LV,LV-RIX,Riga,
209.198.152.0/25,LU,LU-LU,Luxembourg,
209.198.152.128/25,IS,IS-GUF,Reykjavik,
209.198.153.0/25,GE,GE-TB,Tbilisi,
209.198.153.128/25,FI,FI-18,Helsinki,
209.198.154.0/25,EE,EE-37,Tallinn,
209.198.154.128/25,AL,AL-11,Tirana,
216.128.0.0/25,KE,KE-30,Nairobi,
216.128.0.128/25,KE,KE-30,Nairobi,
216.128.4.0/25,BH,BH-13,Manama,
216.128.4.128/25,BH,BH-13,Manama,
216.128.6.0/25,CY,CY-01,Nicosia,
216.128.6.128/25,CY,CY-01,Nicosia,
216.128.7.0/25,QA,QA-DA,Doha,
216.128.7.128/25,QA,QA-DA,Doha,
216.128.9.0/25,NL,NL-NH,Amsterdam,
216.128.12.0/25,AZ,AZ-AZ,Baku,
216.128.12.128/25,AZ,AZ-AZ,Baku,
216.128.19.0/25,KZ,KZ-AKM,Astana,
216.128.19.128/25,KZ,KZ-AKM,Astana,
216.128.20.0/25,PS,PS-RBH,Ramallah,
216.128.20.128/25,PS,PS-RBH,Ramallah,
216.128.21.128/25,NL,NL-NH,Amsterdam,
216.128.24.0/25,CY,CY-01,Nicosia,
217.65.141.0/25,PT,PT-11,Lisbon,
217.65.141.128/25,FR,FR-IDF,Paris,
217.65.142.128/25,IE,IE-D,Dublin,
217.65.143.0/25,ES,ES-MD,Madrid,
217.65.143.128/25,DE,DE-BE,Berlin,
14.1.85.0/26,CC,CC-CC,West Island,
14.1.85.64/26,CC,CC-CC,West Island,
14.1.89.0/26,NF,NF-NF,Kingston,
14.1.89.64/26,NF,NF-NF,Kingston,
14.1.90.128/26,CX,CX-CX,Flying Fish Cove,
14.1.90.192/26,CX,CX-CX,Flying Fish Cove,
65.181.30.0/26,PN,PN-PN,Adamstown,
65.181.30.64/26,CK,CK-CK,Avarua District,
66.9.161.0/26,PM,PM-PM,Saint-Pierre,
66.9.161.64/26,PM,PM-PM,Saint-Pierre,
91.102.180.0/26,KE,KE-30,Nairobi,
91.102.180.64/26,KE,KE-30,Nairobi,
91.102.180.128/26,ZM,ZM-09,Lusaka,
91.102.180.192/26,ZM,ZM-09,Lusaka,
91.102.182.0/26,NO,NO-03,Oslo,
91.102.182.64/26,EE,EE-37,Tallinn,
91.102.182.128/26,FI,FI-18,Helsinki,
91.102.182.192/26,IS,IS-GUF,Reykjavik,
98.97.73.128/26,US,US-WA,Seattle,
98.97.77.0/26,BS,BS-BS,Nassau,
98.97.77.64/26,JM,JM-01,Kingston,
98.97.77.128/26,BB,BB-08,Bridgetown,
98.97.77.192/26,KY,KY-KY,George Town,
102.215.58.0/26,MZ,MZ-MPM,Maputo,
102.215.58.64/26,RW,RW-01,Kigali,
102.215.58.128/26,KE,KE-30,Nairobi,
102.215.58.192/26,KE,KE-30,Nairobi,
102.215.59.0/26,MZ,MZ-MPM,Maputo,
102.215.59.64/26,KE,KE-30,Nairobi,
129.222.56.0/26,BB,BB-08,Bridgetown,
129.222.56.64/26,BB,BB-08,Bridgetown,
129.222.56.128/26,BL,BL-BL,Gustavia,
129.222.56.192/26,BL,BL-BL,Gustavia,
129.222.57.0/26,DM,DM-DM,Roseau,
129.222.57.64/26,DM,DM-DM,Roseau,
129.222.57.128/26,GD,GD-GD,Saint George,
129.222.57.192/26,GD,GD-GD,Saint George,
129.222.58.0/26,GP,GP-GP,Basse-Terre,
129.222.58.64/26,GP,GP-GP,Basse-Terre,
129.222.58.128/26,JM,JM-01,Kingston,
129.222.58.192/26,JM,JM-01,Kingston,
129.222.59.0/26,LC,LC-LC,Castries,
129.222.59.64/26,LC,LC-LC,Castries,
129.222.59.128/26,MF,MF-MF,Marigot,
129.222.59.192/26,MF,MF-MF,Marigot,
129.222.60.0/26,MQ,MQ-MQ,Fort-de-France,
129.222.60.64/26,HT,HT-OU,Port-au-Prince,
129.222.60.128/26,HT,HT-OU,Port-au-Prince,
129.222.60.192/26,HT,HT-OU,Port-au-Prince,
129.222.88.0/26,MF,MF-MF,Marigot,
129.222.88.64/26,BL,BL-BL,Gustavia,
129.222.88.128/26,MQ,MQ-MQ,Fort-de-France,
129.222.88.192/26,DM,DM-DM,Roseau,
129.222.89.0/26,LC,LC-LC,Castries,
129.222.89.64/26,GD,GD-GD,Saint George,
129.222.89.128/26,GP,GP-GP,Basse-Terre,
129.222.89.192/26,MQ,MQ-MQ,Fort-de-France,
129.222.135.128/26,CA,CA-SK,Regina,
129.222.135.192/26,CA,CA-SK,Regina,
129.224.201.0/26,BS,BS-BS,Nassau,
129.224.206.128/26,US,US-WA,Seattle,
129.224.209.0/26,CA,CA-NB,Fredericton,
129.224.209.64/26,CA,CA-NB,Fredericton,
129.224.210.128/26,CA,CA-NS,Halifax,
129.224.210.192/26,CA,CA-NS,Halifax,
135.129.118.0/26,VI,VI-VI,Charlotte Amalie,
135.129.118.64/26,PR,PR-630,San Juan,
135.129.118.128/26,MQ,MQ-MQ,Fort-de-France,
135.129.118.192/26,MF,MF-MF,Marigot,
135.129.119.0/26,LC,LC-LC,Castries,
135.129.119.64/26,JM,JM-01,Kingston,
135.129.119.128/26,HT,HT-OU,Port-au-Prince,
135.129.119.192/26,GP,GP-GP,Basse-Terre,
135.129.120.128/26,RE,RE-RE,Saint-Denis,
135.129.120.192/26,YT,YT-YT,Mayotte,
135.129.122.0/26,GD,GD-GD,Saint George,
135.129.122.64/26,DM,DM-DM,Roseau,
135.129.122.128/26,BL,BL-BL,Gustavia,
135.129.122.192/26,BB,BB-08,Bridgetown,
135.129.127.0/26,SZ,SZ-HH,Mbabane,
135.129.127.64/26,SZ,SZ-HH,Mbabane,
138.84.37.0/26,CW,CW-CW,Willemstad,
138.84.37.64/26,TT,TT-POS,Port of Spain,
138.84.47.0/26,GF,GF-GF,Cayenne,
138.84.47.64/26,GF,GF-GF,Cayenne,
138.84.47.192/26,CR,CR-SJ,San Jose,
138.84.52.0/26,SV,SV-SS,San Salvador,
138.84.52.64/26,SV,SV-SS,San Salvador,
138.84.52.128/26,HN,HN-FM,Tegucigalpa,
138.84.52.192/26,HN,HN-FM,Tegucigalpa,
138.84.58.0/26,DO,DO-01,Santo Domingo,
138.84.58.64/26,TT,TT-POS,Port of Spain,
138.84.59.0/26,CR,CR-SJ,San Jose,
138.84.59.64/26,GT,GT-CU,Guatemala City,
138.84.59.192/26,GT,GT-CU,Guatemala City,
138.84.60.128/26,MX,MX-DIF,Mexico City,
138.84.61.128/26,MX,MX-DIF,Mexico City,
145.224.86.0/26,IE,IE-D,Dublin,
145.224.86.64/26,IT,IT-62,Rome,
145.224.86.128/26,GG,GG-GG,Saint Peter Port,
145.224.86.192/26,IS,IS-GUF,Reykjavik,
145.224.87.0/26,IS,IS-GUF,Reykjavik,
145.224.87.64/26,SE,SE-AB,Stockholm,
145.224.87.128/26,HR,HR-21,Zagreb,
145.224.87.192/26,HR,HR-21,Zagreb,
145.224.88.0/26,FR,FR-IDF,Paris,
145.224.88.64/26,FR,FR-IDF,Paris,
145.224.88.128/26,DK,DK-84,Copenhagen,
145.224.88.192/26,DK,DK-84,Copenhagen,
145.224.89.0/26,EG,EG-C,Cairo,
145.224.89.64/26,EG,EG-C,Cairo,
145.224.89.128/26,CZ,CZ-PR,Prague,
145.224.89.192/26,CZ,CZ-PR,Prague,
145.224.90.0/26,CH,CH-ZH,Zurich,
145.224.90.64/26,CH,CH-ZH,Zurich,
145.224.90.128/26,PT,PT-11,Lisbon,
145.224.90.192/26,PT,PT-11,Lisbon,
145.224.91.0/26,RO,RO-B,Bucharest,
145.224.91.64/26,RO,RO-B,Bucharest,
145.224.101.0/26,GR,GR-IX,Athens,
145.224.101.64/26,GR,GR-IX,Athens,
145.224.101.128/26,ES,ES-MD,Madrid,
145.224.101.192/26,ES,ES-MD,Madrid,
145.224.102.0/26,SE,SE-AB,Stockholm,
145.224.102.64/26,SE,SE-AB,Stockholm,
145.224.102.128/26,HR,HR-21,Zagreb,
145.224.102.192/26,HR,HR-21,Zagreb,
145.224.103.0/26,RO,RO-B,Bucharest,
145.224.103.64/26,RO,RO-B,Bucharest,
145.224.104.128/26,IE,IE-D,Dublin,
145.224.104.192/26,IE,IE-D,Dublin,
145.224.105.0/26,EG,EG-C,Cairo,
145.224.105.64/26,EG,EG-C,Cairo,
145.224.105.128/26,CZ,CZ-PR,Prague,
145.224.105.192/26,CZ,CZ-PR,Prague,
145.224.106.0/26,CH,CH-ZH,Zurich,
145.224.106.64/26,CH,CH-ZH,Zurich,
145.224.106.128/26,PT,PT-11,Lisbon,
145.224.106.192/26,PT,PT-11,Lisbon,
145.224.107.0/26,LT,LT-VL,Vilnius,
145.224.107.64/26,LT,LT-VL,Vilnius,
145.224.107.128/26,HU,HU-BU,Budapest,
145.224.107.192/26,HU,HU-BU,Budapest,
145.224.108.0/26,BG,BG-22,Sofia,
145.224.108.64/26,BG,BG-22,Sofia,
145.224.108.128/26,SI,SI-061,Ljubljana,
145.224.108.192/26,SI,SI-061,Ljubljana,
145.224.109.0/26,SK,SK-BL,Bratislava,
145.224.109.64/26,SK,SK-BL,Bratislava,
145.224.109.128/26,GB,GB-EN,London,
145.224.109.192/26,GB,GB-EN,London,
145.224.112.0/26,PT,PT-11,Lisbon,
145.224.112.64/26,PT,PT-11,Lisbon,
145.224.112.128/26,MD,MD-CU,Chisinau,
145.224.112.192/26,ES,ES-MD,Madrid,
145.224.113.0/26,IE,IE-D,Dublin,
145.224.113.64/26,SI,SI-061,Ljubljana,
145.224.113.128/26,SE,SE-AB,Stockholm,
145.224.113.192/26,HU,HU-BU,Budapest,
145.224.114.0/26,BG,BG-22,Sofia,
145.224.114.64/26,LT,LT-VL,Vilnius,
145.224.114.128/26,HR,HR-21,Zagreb,
145.224.114.192/26,SK,SK-BL,Bratislava,
145.224.115.0/26,RO,RO-B,Bucharest,
145.224.115.64/26,GR,GR-IX,Athens,
145.224.115.128/26,CH,CH-ZH,Zurich,
145.224.115.192/26,CH,CH-ZH,Zurich,
145.224.119.128/26,EG,EG-C,Cairo,
145.224.119.192/26,EG,EG-C,Cairo,
145.224.120.0/26,CZ,CZ-PR,Prague,
145.224.120.64/26,CZ,CZ-PR,Prague,
145.224.120.128/26,GB,GB-EN,London,
148.222.130.0/26,PY,PY-ASU,Asuncion,
148.222.130.64/26,PY,PY-ASU,Asuncion,
149.19.160.128/26,PE,PE-LMA,Lima,
149.19.160.192/26,PE,PE-LMA,Lima,
149.19.174.128/26,BR,BR-SP,Sao Paulo,
149.19.174.192/26,BR,BR-SP,Sao Paulo,
170.203.193.0/26,GF,GF-GF,Cayenne,
170.203.193.64/26,GF,GF-GF,Cayenne,
179.60.173.128/26,SV,SV-SS,San Salvador,
179.60.175.0/26,CR,CR-SJ,San Jose,
179.60.175.64/26,GT,GT-CU,Guatemala City,
188.92.248.0/26,LV,LV-RIX,Riga,
188.92.248.64/26,AL,AL-11,Tirana,
188.92.248.128/26,MK,MK-77,Skopje,
188.92.248.192/26,RS,RS-00,Belgrade,
188.92.251.0/26,LU,LU-LU,Luxembourg,
188.92.251.128/26,MT,MT-MT,Valletta,
188.92.251.192/26,GE,GE-TB,Tbilisi,
188.92.255.192/26,GG,GG-GG,Saint Peter Port,
206.83.104.128/26,SB,SB-CT,Honiara,
206.83.104.192/26,FJ,FJ-C,Suva,
206.83.106.0/26,JP,JP-13,Tokyo,
206.83.106.64/26,TO,TO-04,Nuku'alofa,
206.83.106.128/26,MV,MV-MLE,Malé,
206.83.106.192/26,MV,MV-MLE,Malé,
206.83.108.128/26,TO,TO-04,Nuku'alofa,
206.83.108.192/26,SB,SB-CT,Honiara,
206.83.110.0/26,FJ,FJ-C,Suva,
206.83.117.0/26,TO,TO-04,Nuku'alofa,
206.83.117.64/26,TO,TO-04,Nuku'alofa,
206.83.127.0/26,CK,CK-CK,Avarua District,
206.83.127.64/26,CK,CK-CK,Avarua District,
206.83.127.128/26,PN,PN-PN,Adamstown,
206.83.127.192/26,PN,PN-PN,Adamstown,
209.198.132.0/26,MZ,MZ-MPM,Maputo,
209.198.132.64/26,MZ,MZ-MPM,Maputo,
209.198.132.128/26,MW,MW-LI,Lilongwe,
209.198.132.192/26,MW,MW-LI,Lilongwe,
209.198.135.0/26,BJ,BJ-OU,Porto-Novo,
209.198.135.64/26,BJ,BJ-OU,Porto-Novo,
209.198.142.128/26,UA,UA-30,Kyiv,
209.198.142.192/26,IE,IE-D,Dublin,
209.198.155.0/26,SK,SK-BL,Bratislava,
209.198.155.64/26,SI,SI-061,Ljubljana,
209.198.155.128/26,SE,SE-AB,Stockholm,
209.198.155.192/26,RO,RO-B,Bucharest,
209.198.156.0/26,PL,PL-14,Warsaw,
209.198.156.64/26,NO,NO-03,Oslo,
209.198.156.128/26,MD,MD-CU,Chisinau,
209.198.156.192/26,LT,LT-VL,Vilnius,
209.198.157.0/26,HU,HU-BU,Budapest,
209.198.157.64/26,HR,HR-21,Zagreb,
209.198.157.128/26,BG,BG-22,Sofia,
209.198.157.192/26,YT,YT-YT,Mayotte,
209.198.158.0/26,RS,RS-00,Belgrade,
209.198.158.64/26,RE,RE-RE,Saint-Denis,
209.198.158.128/26,MT,MT-MT,Valletta,
209.198.158.192/26,MK,MK-77,Skopje,
209.198.159.0/26,LV,LV-RIX,Riga,
209.198.159.64/26,LU,LU-LU,Luxembourg,
209.198.159.128/26,IS,IS-GUF,Reykjavik,
209.198.159.192/26,GE,GE-TB,Tbilisi,
216.128.1.0/26,FI,FI-18,Helsinki,
216.128.1.64/26,EE,EE-37,Tallinn,
216.128.1.128/26,AL,AL-11,Tirana,
216.128.5.0/26,BH,BH-13,Manama,
216.128.5.64/26,BH,BH-13,Manama,
216.128.5.128/26,CY,CY-01,Nicosia,
216.128.5.192/26,CY,CY-01,Nicosia,
216.128.8.0/26,QA,QA-DA,Doha,
216.128.8.64/26,QA,QA-DA,Doha,
216.128.8.128/26,AZ,AZ-AZ,Baku,
216.128.8.192/26,AZ,AZ-AZ,Baku,
216.128.9.128/26,KZ,KZ-AKM,Astana,
216.128.9.192/26,KZ,KZ-AKM,Astana,
216.128.21.0/26,PS,PS-RBH,Ramallah,
216.128.21.64/26,PS,PS-RBH,Ramallah,
217.65.140.0/26,NG,NG-LA,Lagos,
217.65.140.64/26,MZ,MZ-MPM,Maputo,
217.65.140.128/26,RW,RW-01,Kigali,
217.65.140.192/26,FR,FR-IDF,Paris,
217.65.142.0/26,NL,NL-NH,Amsterdam,
217.65.142.64/26,NL,NL-NH,Amsterdam,
14.1.68.0/27,CX,CX-CX,Flying Fish Cove,
14.1.68.32/27,CX,CX-CX,Flying Fish Cove,
14.1.68.64/27,NF,NF-NF,Kingston,
14.1.68.96/27,AU,AU-WA,Perth,
14.1.68.128/27,CC,CC-CC,West Island,
14.1.68.160/27,CC,CC-CC,West Island,
14.1.68.192/27,NF,NF-NF,Kingston,
14.1.68.224/27,AU,AU-WA,Perth,
14.1.69.0/27,FM,FM-PNI,Palikir,
14.1.69.32/27,FM,FM-PNI,Palikir,
14.1.69.64/27,MP,MP-MP,Saipan,
14.1.69.96/27,MP,MP-MP,Saipan,
65.181.30.128/27,AS,AS-AS,Pago Pago,
65.181.30.160/27,AS,AS-AS,Pago Pago,
129.224.202.0/27,TD,TD-ND,N'Djamena,
129.224.202.32/27,TD,TD-ND,N'Djamena,
129.224.202.64/27,BJ,BJ-OU,Porto-Novo,
129.224.202.96/27,BJ,BJ-OU,Porto-Novo,
129.224.202.128/27,MW,MW-LI,Lilongwe,
129.224.202.160/27,MW,MW-LI,Lilongwe,
129.224.202.192/27,ZM,ZM-09,Lusaka,
129.224.202.224/27,ZM,ZM-09,Lusaka,
129.224.203.0/27,TZ,TZ-03,Dodoma,
129.224.203.32/27,TZ,TZ-03,Dodoma,
129.224.204.0/27,MW,MW-LI,Lilongwe,
138.84.47.128/27,CR,CR-SJ,San Jose,
138.84.56.0/27,SV,SV-SS,San Salvador,
138.84.59.128/27,CR,CR-SJ,San Jose,
138.84.59.160/27,GT,GT-CU,Guatemala City,
145.224.92.0/27,IE,IE-D,Dublin,
145.224.92.32/27,IE,IE-D,Dublin,
145.224.92.64/27,FR,FR-IDF,Paris,
145.224.92.96/27,FR,FR-IDF,Paris,
145.224.92.128/27,GR,GR-IX,Athens,
145.224.92.160/27,GR,GR-IX,Athens,
145.224.92.192/27,EG,EG-C,Cairo,
145.224.92.224/27,EG,EG-C,Cairo,
145.224.93.0/27,CZ,CZ-PR,Prague,
145.224.93.32/27,CZ,CZ-PR,Prague,
145.224.93.64/27,CH,CH-ZH,Zurich,
145.224.93.96/27,CH,CH-ZH,Zurich,
145.224.93.128/27,DE,DE-BE,Berlin,
145.224.93.160/27,DE,DE-BE,Berlin,
145.224.93.192/27,NL,NL-NH,Amsterdam,
145.224.93.224/27,NL,NL-NH,Amsterdam,
145.224.125.0/27,FR,FR-IDF,Paris,
145.224.125.32/27,FR,FR-IDF,Paris,
145.224.125.64/27,FR,FR-IDF,Paris,
145.224.125.96/27,FR,FR-IDF,Paris,
145.224.125.128/27,PT,PT-11,Lisbon,
145.224.125.160/27,PT,PT-11,Lisbon,
145.224.125.192/27,PT,PT-11,Lisbon,
145.224.125.224/27,PT,PT-11,Lisbon,
145.224.126.0/27,IT,IT-62,Rome,
145.224.126.32/27,IT,IT-62,Rome,
145.224.126.64/27,DK,DK-84,Copenhagen,
145.224.126.96/27,IT,IT-62,Rome,
145.224.126.128/27,IT,IT-62,Rome,
145.224.126.160/27,IT,IT-62,Rome,
145.224.126.192/27,BE,BE-BRU,Brussels,
145.224.126.224/27,BE,BE-BRU,Brussels,
149.19.160.0/27,PA,PA-8,Panama City,
149.19.160.32/27,GF,GF-GF,Cayenne,
149.19.160.64/27,EC,EC-P,Quito,
149.19.160.96/27,PE,PE-LMA,Lima,
179.60.173.192/27,SV,SV-SS,San Salvador,
179.60.173.224/27,GT,GT-CU,Guatemala City,
188.95.144.0/27,GB,GB-EN,London,
188.95.144.32/27,DE,DE-BE,Berlin,
188.95.144.64/27,NL,NL-NH,Amsterdam,
188.95.144.96/27,AT,AT-9,Vienna,
188.95.144.128/27,PL,PL-14,Warsaw,
188.95.144.160/27,BE,BE-BRU,Brussels,
188.95.144.192/27,FR,FR-IDF,Paris,
188.95.144.224/27,IT,IT-62,Rome,
188.95.145.0/27,GB,GB-EN,London,
188.95.145.32/27,DE,DE-BE,Berlin,
188.95.145.64/27,NL,NL-NH,Amsterdam,
188.95.145.96/27,AT,AT-9,Vienna,
188.95.145.128/27,PL,PL-14,Warsaw,
188.95.145.160/27,BE,BE-BRU,Brussels,
188.95.145.192/27,FR,FR-IDF,Paris,
188.95.145.224/27,IT,IT-62,Rome,
217.65.136.0/27,FR,FR-IDF,Paris,
217.65.136.32/27,DK,DK-84,Copenhagen,
217.65.136.64/27,EG,EG-C,Cairo,
217.65.136.96/27,CZ,CZ-PR,Prague,
217.65.136.128/27,CH,CH-ZH,Zurich,
217.65.136.160/27,PT,PT-11,Lisbon,
217.65.136.192/27,EE,EE-37,Tallinn,
217.65.136.224/27,NO,NO-03,Oslo,
217.65.137.0/27,FR,FR-IDF,Paris,
217.65.137.32/27,DK,DK-84,Copenhagen,
217.65.137.64/27,EG,EG-C,Cairo,
217.65.137.96/27,CZ,CZ-PR,Prague,
217.65.137.128/27,CH,CH-ZH,Zurich,
217.65.137.160/27,PT,PT-11,Lisbon,
217.65.137.192/27,PL,PL-14,Warsaw,
217.65.137.224/27,PL,PL-14,Warsaw,
217.65.138.0/27,GR,GR-IX,Athens,
217.65.138.32/27,DK,DK-84,Copenhagen,
217.65.138.64/27,EG,EG-C,Cairo,
217.65.138.96/27,CZ,CZ-PR,Prague,
217.65.138.128/27,CH,CH-ZH,Zurich,
217.65.138.160/27,PT,PT-11,Lisbon,
217.65.138.192/27,ES,ES-MD,Madrid,
217.65.138.224/27,DK,DK-84,Copenhagen,
217.65.139.0/27,GR,GR-IX,Athens,
217.65.139.32/27,DK,DK-84,Copenhagen,
217.65.139.64/27,EG,EG-C,Cairo,
217.65.139.96/27,CZ,CZ-PR,Prague,
217.65.139.128/27,CH,CH-ZH,Zurich,
217.65.139.160/27,PT,PT-11,Lisbon,
217.65.139.192/27,ES,ES-MD,Madrid,
217.65.139.224/27,DK,DK-84,Copenhagen,
98.97.73.192/28,US,US-WA,Seattle,
98.97.73.208/28,US,US-WA,Seattle,
129.224.206.192/28,US,US-WA,Seattle,
129.224.206.208/28,US,US-WA,Seattle,
2406:2d40:2000::/40,AU,AU-WA,Perth,
2406:2d40:3000::/40,JP,JP-13,Tokyo,
2406:2d40:3100::/40,PH,PH-00,Manila,
2406:2d40:3300::/40,MN,MN-1,Ulaanbaatar,
2406:2d40:4000::/40,AU,AU-NSW,Sydney,
2406:2d40:4100::/40,AU,AU-NSW,Sydney,
2406:2d40:4200::/40,NZ,NZ-AUK,Auckland,
2406:2d40:4400::/40,AU,AU-NSW,Sydney,
2406:2d40:4600::/40,AU,AU-NSW,Sydney,
2406:2d40:4700::/40,AU,AU-NSW,Sydney,
2406:2d40:4900::/40,ID,ID-JK,Jakarta,
2406:2d40:5000::/40,ID,ID-JK,Jakarta,
2406:2d40:5400::/40,AU,AU-NSW,Sydney,
2406:2d40:6000::/40,MV,MV-MLE,Malé,
2406:2d40:7000::/40,AU,AU-NSW,Sydney,
2406:2d40:7100::/40,AU,AU-NSW,Sydney,
2406:2d40:7200::/40,NZ,NZ-AUK,Auckland,
2406:2d40:8000::/40,MY,MY-14,Kuala Lumpur,
2406:2d40:9000::/40,PH,PH-00,Manila,
2406:2d40:9100::/40,MY,MY-14,Kuala Lumpur,
2406:2d40:a000::/40,IN,IN-MH,Mumbai,
2406:2d40:b000::/40,PK,PK-SD,Karachi,
2406:2d40:c000::/40,MV,MV-MLE,Malé,
2605:59c8::/40,US,US-WA,Seattle,
2605:59c8:100::/40,US,US-WA,Seattle,
2605:59c8:200::/40,CA,CA-BC,Vancouver,
2605:59c8:300::/40,CA,CA-AB,Calgary,
2605:59c8:400::/40,US,US-WA,Seattle,
2605:59c8:500::/40,CA,CA-BC,Vancouver,
2605:59c8:600::/40,CA,CA-AB,Calgary,
2605:59c8:700::/40,US,US-WA,Seattle,
2605:59c8:800::/40,US,US-WA,Seattle,
2605:59c8:900::/40,US,US-WA,Seattle,
2605:59c8:1000::/40,US,US-IL,Chicago,
2605:59c8:1100::/40,US,US-IL,Chicago,
2605:59c8:1200::/40,CA,CA-MB,Winnipeg,
2605:59c8:1300::/40,CA,CA-ON,Toronto,
2605:59c8:1400::/40,US,US-IL,Chicago,
2605:59c8:1500::/40,US,US-IL,Chicago,
2605:59c8:1600::/40,CA,CA-MB,Winnipeg,
2605:59c8:1700::/40,CA,CA-ON,Toronto,
2605:59c8:1800::/40,US,US-IL,Chicago,
2605:59c8:1900::/40,CA,CA-SK,Regina,
2605:59c8:1a00::/40,CA,CA-AB,Calgary,
2605:59c8:2000::/40,US,US-NY,New York,
2605:59c8:2100::/40,US,US-NY,New York,
2605:59c8:2200::/40,CA,CA-ON,Toronto,
2605:59c8:2300::/40,CA,CA-QC,Montreal,
2605:59c8:2400::/40,US,US-NY,New York,
2605:59c8:2500::/40,US,US-NY,New York,
2605:59c8:2600::/40,CA,CA-ON,Toronto,
2605:59c8:2700::/40,CA,CA-QC,Montreal,
2605:59c8:2800::/40,US,US-NY,New York,
2605:59c8:2900::/40,US,US-NY,New York,
2605:59c8:2a00::/40,CA,CA-ON,Toronto,
2605:59c8:2b00::/40,CA,CA-NB,Fredericton,
2605:59c8:2c00::/40,CA,CA-NS,Halifax,
2605:59c8:3000::/40,US,US-CA,Los Angeles,
2605:59c8:3100::/40,US,US-CA,Los Angeles,
2605:59c8:3200::/40,MX,MX-DIF,Mexico City,
2605:59c8:3300::/40,US,US-CA,Los Angeles,
2605:59c8:3400::/40,US,US-CA,Los Angeles,
2605:59c8:4000::/40,US,US-TX,Dallas,
2605:59c8:4100::/40,US,US-TX,Dallas,
2605:59c8:4200::/40,MX,MX-DIF,Mexico City,
2605:59c8:4300::/40,US,US-TX,Dallas,
2605:59c8:4400::/40,US,US-TX,Dallas,
2605:59c8:5000::/40,US,US-CO,Denver,
2605:59c8:5100::/40,US,US-CO,Denver,
2605:59c8:5200::/40,US,US-CO,Denver,
2605:59c8:5300::/40,US,US-CO,Denver,
2605:59c8:6000::/40,US,US-GA,Atlanta,
2605:59c8:6100::/40,US,US-GA,Atlanta,
2605:59c8:6200::/40,US,US-GA,Atlanta,
2605:59c8:6300::/40,US,US-GA,Atlanta,
2605:59c8:7000::/40,MX,MX-DIF,Mexico City,
2605:59c8:7100::/40,MX,MX-DIF,Mexico City,
2605:59c9::/40,US,US-WA,Seattle,
2605:59c9:100::/40,US,US-WA,Seattle,
2605:59c9:400::/40,US,US-WA,Seattle,
2605:59ca::/40,US,US-WA,Seattle,
2605:59ca:100::/40,US,US-WA,Seattle,
2605:59ca:1000::/40,CA,CA-MB,Winnipeg,
2605:59ca:1100::/40,CA,CA-SK,Regina,
2605:59ca:1200::/40,CA,CA-ON,Toronto,
2605:59ca:1300::/40,US,US-MN,Minneapolis,
2803:9810:3000::/40,CL,CL-RM,Santiago,
2803:9810:3100::/40,BR,BR-SP,Sao Paulo,
2803:9810:3200::/40,CL,CL-RM,Santiago,
2803:9810:4000::/40,BR,BR-SP,Sao Paulo,
2803:9810:4100::/40,PY,PY-ASU,Asuncion,
2803:9810:4200::/40,BR,BR-SP,Sao Paulo,
2803:9810:4300::/40,BR,BR-SP,Sao Paulo,
2803:9810:4400::/40,AR,AR-C,Buenos Aires,
2803:9810:5000::/40,CO,CO-DC,Bogota,
2803:9810:5100::/40,CO,CO-DC,Bogota,
2803:9810:5200::/40,PA,PA-8,Panama City,
2803:9810:6000::/40,PE,PE-LMA,Lima,
2803:9810:6100::/40,PE,PE-LMA,Lima,
2803:9810:7000::/40,BR,BR-CE,Fortaleza,
2803:9810:8000::/40,HN,HN-FM,Tegucigalpa,
2803:9810:9000::/40,HN,HN-FM,Tegucigalpa,
2a0d:3344::/40,FR,FR-IDF,Paris,
2a0d:3344:100::/40,GB,GB-EN,London,
2a0d:3344:200::/40,GB,GB-EN,London,
2a0d:3344:300::/40,GB,GB-EN,London,
2a0d:3344:400::/40,PL,PL-14,Warsaw,
2a0d:3344:500::/40,DE,DE-BE,Berlin,
2a0d:3344:1000::/40,FR,FR-IDF,Paris,
2a0d:3344:1100::/40,GB,GB-EN,London,
2a0d:3344:1300::/40,UA,UA-30,Kyiv,
2a0d:3344:1400::/40,PL,PL-14,Warsaw,
2a0d:3344:1500::/40,DE,DE-BE,Berlin,
2a0d:3344:2000::/40,ES,ES-MD,Madrid,
2a0d:3344:2100::/40,PT,PT-11,Lisbon,
2a0d:3344:2200::/40,UA,UA-30,Kyiv,
2a0d:3344:2300::/40,FR,FR-IDF,Paris,
2c0f:2a80::/40,NG,NG-LA,Lagos,
2c0f:2a80:100::/40,MZ,MZ-MPM,Maputo,
2c0f:2a80:200::/40,RW,RW-01,Kigali,
2c0f:2a80:500::/40,SN,SN-DK,Dakar,
2c0f:2a80:600::/40,SZ,SZ-HH,Mbabane,
2c0f:2a80:1100::/40,MZ,MZ-MPM,Maputo,
2406:2d40:8200::/41,ID,ID-JK,Jakarta,
2406:2d40:8280::/41,ID,ID-JK,Jakarta,
2406:2d40:2100::/42,CX,CX-CX,Flying Fish Cove,
2406:2d40:2140::/42,NF,NF-NF,Kingston,
2406:2d40:2180::/42,CC,CC-CC,West Island,
2406:2d40:3200::/42,GU,GU-HGT,Hagatna,
2406:2d40:3240::/42,SG,SG-SG,Singapore,
2406:2d40:3280::/42,MP,MP-MP,Saipan,
2406:2d40:32c0::/42,FM,FM-PNI,Palikir,
2406:2d40:4300::/42,TO,TO-04,Nuku'alofa,
2406:2d40:4340::/42,JP,JP-13,Tokyo,
2406:2d40:4380::/42,SB,SB-CT,Honiara,
2406:2d40:43c0::/42,FJ,FJ-C,Suva,
2406:2d40:4500::/42,AQ,AQ-AQ,Antarctica,
2406:2d40:4540::/42,MV,MV-MLE,Malé,
2406:2d40:4580::/42,NF,NF-NF,Kingston,
2406:2d40:45c0::/42,CX,CX-CX,Flying Fish Cove,
2406:2d40:4800::/42,CC,CC-CC,West Island,
2406:2d40:7300::/42,TO,TO-04,Nuku'alofa,
2406:2d40:7340::/42,CK,CK-CK,Avarua District,
2406:2d40:7380::/42,PN,PN-PN,Adamstown,
2406:2d40:73c0::/42,NZ,NZ-AUK,Auckland,
2406:2d40:7400::/42,AS,AS-AS,Pago Pago,
2406:2d40:8100::/42,SG,SG-SG,Singapore,
2605:59c8:6400::/42,PR,PR-630,San Juan,
2605:59c8:6440::/42,VI,VI-VI,Charlotte Amalie,
2605:59c8:6480::/42,DO,DO-01,Santo Domingo,
2605:59c8:64c0::/42,MF,MF-MF,Marigot,
2605:59c8:6500::/42,BL,BL-BL,Gustavia,
2605:59c8:6540::/42,MQ,MQ-MQ,Fort-de-France,
2605:59c8:6580::/42,DM,DM-DM,Roseau,
2605:59c8:65c0::/42,LC,LC-LC,Castries,
2605:59c8:6600::/42,GD,GD-GD,Saint George,
2605:59c8:6640::/42,GP,GP-GP,Basse-Terre,
2605:59c8:6680::/42,CW,CW-CW,Willemstad,
2605:59c8:66c0::/42,BB,BB-08,Bridgetown,
2605:59c8:6700::/42,JM,JM-01,Kingston,
2605:59c8:6740::/42,HT,HT-OU,Port-au-Prince,
2605:59c8:6780::/42,TT,TT-POS,Port of Spain,
2605:59c8:67c0::/42,BS,BS-BS,Nassau,
2605:59c8:6800::/42,DO,DO-01,Santo Domingo,
2605:59c8:6840::/42,GF,GF-GF,Cayenne,
2605:59c8:7200::/42,SV,SV-SS,San Salvador,
2605:59c8:7240::/42,CR,CR-SJ,San Jose,
2605:59c8:7280::/42,GT,GT-CU,Guatemala City,
2605:59c9:1000::/42,PM,PM-PM,Saint-Pierre,
2803:9810:3300::/42,PY,PY-ASU,Asuncion,
2803:9810:3340::/42,AR,AR-C,Buenos Aires,
2803:9810:5300::/42,GF,GF-GF,Cayenne,
2803:9810:5340::/42,EC,EC-P,Quito,
2803:9810:5380::/42,BR,BR-SP,Sao Paulo,
2803:9810:53c0::/42,PE,PE-LMA,Lima,
2803:9810:5400::/42,CR,CR-SJ,San Jose,
2803:9810:6200::/42,CO,CO-DC,Bogota,
2803:9810:6240::/42,BR,BR-SP,Sao Paulo,
2803:9810:6280::/42,EC,EC-P,Quito,
2803:9810:62c0::/42,CL,CL-RM,Santiago,
2a0d:3341:b000::/42,KZ,KZ-AKM,Astana,
2a0d:3341:b040::/42,PS,PS-RBH,Ramallah,
2a0d:3341:b080::/42,IT,IT-62,Rome,
2a0d:3344:600::/42,FI,FI-18,Helsinki,
2a0d:3344:640::/42,GG,GG-GG,Saint Peter Port,
2a0d:3344:800::/42,IE,IE-D,Dublin,
2a0d:3344:840::/42,AL,AL-11,Tirana,
2a0d:3344:880::/42,AT,AT-9,Vienna,
2a0d:3344:8c0::/42,BE,BE-BRU,Brussels,
2a0d:3344:900::/42,BG,BG-22,Sofia,
2a0d:3344:940::/42,CH,CH-ZH,Zurich,
2a0d:3344:980::/42,CZ,CZ-PR,Prague,
2a0d:3344:9c0::/42,DK,DK-84,Copenhagen,
2a0d:3344:a00::/42,EG,EG-C,Cairo,
2a0d:3344:a40::/42,ES,ES-MD,Madrid,
2a0d:3344:a80::/42,GR,GR-IX,Athens,
2a0d:3344:ac0::/42,HR,HR-21,Zagreb,
2a0d:3344:b00::/42,HU,HU-BU,Budapest,
2a0d:3344:b40::/42,IT,IT-62,Rome,
2a0d:3344:b80::/42,LT,LT-VL,Vilnius,
2a0d:3344:bc0::/42,LV,LV-RIX,Riga,
2a0d:3344:c00::/42,MD,MD-CU,Chisinau,
2a0d:3344:c40::/42,MK,MK-77,Skopje,
2a0d:3344:c80::/42,NL,NL-NH,Amsterdam,
2a0d:3344:cc0::/42,PT,PT-11,Lisbon,
2a0d:3344:d00::/42,RO,RO-B,Bucharest,
2a0d:3344:d40::/42,RS,RS-00,Belgrade,
2a0d:3344:d80::/42,SE,SE-AB,Stockholm,
2a0d:3344:dc0::/42,SI,SI-061,Ljubljana,
2a0d:3344:e00::/42,SK,SK-BL,Bratislava,
2a0d:3344:e40::/42,UA,UA-30,Kyiv,
2a0d:3344:e80::/42,US,US-WA,Seattle,
2a0d:3344:ec0::/42,LU,LU-LU,Luxembourg,
2a0d:3344:f00::/42,MZ,MZ-MPM,Maputo,
2a0d:3344:f40::/42,EE,EE-37,Tallinn,
2a0d:3344:f80::/42,NO,NO-03,Oslo,
2a0d:3344:fc0::/42,IS,IS-GUF,Reykjavik,
2a0d:3344:1200::/42,BH,BH-13,Manama,
2a0d:3344:1240::/42,CY,CY-01,Nicosia,
2a0d:3344:1280::/42,RW,RW-01,Kigali,
2a0d:3344:12c0::/42,QA,QA-DA,Doha,
2a0d:3344:1600::/42,RE,RE-RE,Saint-Denis,
2a0d:3344:1640::/42,YT,YT-YT,Mayotte,
2a0d:3344:1680::/42,IS,IS-GUF,Reykjavik,
2a0d:3344:16c0::/42,FI,FI-18,Helsinki,
2a0d:3344:1700::/42,IT,IT-62,Rome,
2a0d:3344:1740::/42,GE,GE-TB,Tbilisi,
2a0d:3344:1780::/42,AZ,AZ-AZ,Baku,
2a0d:3344:17c0::/42,IL,IL-JM,Jerusalem,
2a0d:3344:1800::/42,IE,IE-D,Dublin,
2a0d:3344:1840::/42,AL,AL-11,Tirana,
2a0d:3344:1880::/42,AT,AT-9,Vienna,
2a0d:3344:18c0::/42,BE,BE-BRU,Brussels,
2a0d:3344:1900::/42,BG,BG-22,Sofia,
2a0d:3344:1940::/42,CH,CH-ZH,Zurich,
2a0d:3344:1980::/42,CZ,CZ-PR,Prague,
2a0d:3344:19c0::/42,DK,DK-84,Copenhagen,
2a0d:3344:1a00::/42,EG,EG-C,Cairo,
2a0d:3344:1a40::/42,ES,ES-MD,Madrid,
2a0d:3344:1a80::/42,GR,GR-IX,Athens,
2a0d:3344:1ac0::/42,HR,HR-21,Zagreb,
2a0d:3344:1b00::/42,HU,HU-BU,Budapest,
2a0d:3344:1b40::/42,IT,IT-62,Rome,
2a0d:3344:1b80::/42,LT,LT-VL,Vilnius,
2a0d:3344:1bc0::/42,LV,LV-RIX,Riga,
2a0d:3344:1c00::/42,MD,MD-CU,Chisinau,
2a0d:3344:1c40::/42,MK,MK-77,Skopje,
2a0d:3344:1c80::/42,NL,NL-NH,Amsterdam,
2a0d:3344:1cc0::/42,PT,PT-11,Lisbon,
2a0d:3344:1d00::/42,RO,RO-B,Bucharest,
2a0d:3344:1d40::/42,RS,RS-00,Belgrade,
2a0d:3344:1d80::/42,SI,SI-061,Ljubljana,
2a0d:3344:1dc0::/42,SK,SK-BL,Bratislava,
2a0d:3344:1e00::/42,UA,UA-30,Kyiv,
2a0d:3344:1e40::/42,US,US-WA,Seattle,
2a0d:3344:1e80::/42,LU,LU-LU,Luxembourg,
2a0d:3344:1ec0::/42,UA,UA-30,Kyiv,
2a0d:3344:1f00::/42,NO,NO-03,Oslo,
2a0d:3344:1f40::/42,SE,SE-AB,Stockholm,
2a0d:3344:1f80::/42,EE,EE-37,Tallinn,
2a0d:3344:1fc0::/42,MT,MT-MT,Valletta,
2a0d:3344:2400::/42,DE,DE-BE,Berlin,
2a0d:3344:2440::/42,IT,IT-62,Rome,
2a0d:3344:2480::/42,AT,AT-9,Vienna,
2a0d:3344:24c0::/42,CZ,CZ-PR,Prague,
2a0d:3344:2500::/42,IE,IE-D,Dublin,
2a0d:3344:2540::/42,EG,EG-C,Cairo,
2a0d:3344:2580::/42,CH,CH-ZH,Zurich,
2a0d:3344:25c0::/42,GR,GR-IX,Athens,
2a0d:3344:2600::/42,BE,BE-BRU,Brussels,
2a0d:3344:2640::/42,DK,DK-84,Copenhagen,
2a0d:3344:2680::/42,NL,NL-NH,Amsterdam,
2a0d:3344:26c0::/42,RW,RW-01,Kigali,
2c0f:2a80:300::/42,KE,KE-30,Nairobi,
2c0f:2a80:340::/42,TD,TD-ND,N'Djamena,
2c0f:2a80:380::/42,BJ,BJ-OU,Porto-Novo,
2c0f:2a80:3c0::/42,MW,MW-LI,Lilongwe,
2c0f:2a80:400::/42,ZM,ZM-09,Lusaka,
2c0f:2a80:440::/42,TZ,TZ-03,Dodoma,
2c0f:2a80:1000::/42,ZM,ZM-09,Lusaka,
2c0f:2a80:1040::/42,MW,MW-LI,Lilongwe,
2c0f:2a80:1080::/42,BJ,BJ-OU,Porto-Novo,
2c0f:2a80:10c0::/42,KE,KE-30,Nairobi,
2605:59c7:194::/46,US,US-WA,Seattle,
2605:59c7:f001::/48,US,US-AK,Nome,
2605:59c7:f003::/48,CA,CA-NU,Iqaluit,
2605:59c7:f080::/48,US,US-FL,Miami,
