14.1.64.0/24,mnlaphl1,mnl
14.1.65.0/24,mnlaphl1,mnl
14.1.66.0/24,mnlaphl1,mnl
14.1.67.0/24,mnlaphl1,mnl
14.1.72.0/24,mlbeaus1,mel
14.1.73.0/24,mlbeaus1,mel
14.1.74.0/24,mlbeaus1,mel
14.1.75.0/24,mlbeaus1,mel
14.1.76.0/24,sydyaus1,syd
14.1.77.0/24,sydyaus1,syd
14.1.78.0/24,sngesgp1,sin
14.1.79.0/24,sngesgp1,sin
14.1.82.0/24,sydyaus1,syd
14.1.83.0/24,sydyaus1,syd
14.1.84.0/24,sydyaus1,syd
14.1.85.0/24,sydyaus1,syd
14.1.86.0/24,sydyaus1,syd
14.1.87.0/24,sydyaus1,syd
14.1.88.0/24,prthaus1,per
14.1.89.0/24,prthaus1,per
14.1.94.0/24,mlbeaus1,mel
14.1.95.0/24,mlbeaus1,mel
65.181.0.0/24,brseaus1,bne
65.181.1.0/24,brseaus1,bne
65.181.2.0/24,brseaus1,bne
65.181.3.0/24,brseaus1,bne
65.181.4.0/24,tkyojpn1,nrt
65.181.5.0/24,tkyojpn1,nrt
65.181.6.0/24,tkyojpn1,nrt
65.181.7.0/24,tkyojpn1,nrt
65.181.8.0/24,mnlaphl1,mnl
65.181.9.0/24,mnlaphl1,mnl
65.181.10.0/24,brseaus1,bne
65.181.11.0/24,brseaus1,bne
65.181.12.0/24,sydyaus1,syd
65.181.13.0/24,sydyaus1,syd
65.181.14.0/24,sydyaus1,syd
65.181.15.0/24,sydyaus1,syd
65.181.16.0/24,sngesgp1,sin
65.181.17.0/24,sngesgp1,sin
65.181.18.0/24,sngesgp1,sin
65.181.19.0/24,sngesgp1,sin
65.181.20.0/24,prthaus1,per
65.181.21.0/24,prthaus1,per
65.181.22.0/24,prthaus1,per
65.181.23.0/24,prthaus1,per
65.181.24.0/24,mnlaphl1,mnl
65.181.25.0/24,mnlaphl1,mnl
65.181.26.0/24,brseaus1,bne
65.181.27.0/24,brseaus1,bne
65.181.30.0/24,prthaus1,per
65.181.31.0/24,prthaus1,per
66.9.160.0/24,bgtacol1,bog
66.9.161.0/24,bgtacol1,bog
66.9.162.0/24,qrtomex1,qro
66.9.163.0/24,qrtomex1,qro
66.9.164.0/24,mmmiflx1,mia
66.9.166.0/24,mmmiflx1,mia
66.9.168.0/24,mmmiflx1,mia
66.9.169.0/24,mmmiflx1,mia
66.9.174.0/24,bgtacol1,bog
66.9.175.0/24,bgtacol1,bog
66.9.176.0/24,tmpeazx1,phx
66.9.177.0/24,tmpeazx1,phx
66.9.180.0/24,sltyutx1,pvu
66.9.181.0/24,sltyutx1,pvu
66.9.182.0/24,sltyutx1,pvu
66.9.183.0/24,sltyutx1,pvu
66.9.184.0/24,lsancax1,lax
66.9.185.0/24,lsancax1,lax
66.9.186.0/24,mmmiflx1,mia
66.9.187.0/24,mmmiflx1,mia
67.158.63.0/24,lsancax1,lax
74.244.0.0/24,mntlcan1,yul
74.244.1.0/24,mntlcan1,yul
74.244.2.0/24,qrtomex1,qro
74.244.3.0/24,qrtomex1,qro
74.244.4.0/24,qrtomex1,qro
74.244.5.0/24,qrtomex1,qro
74.244.6.0/24,mmmiflx1,mia
74.244.7.0/24,mmmiflx1,mia
74.244.8.0/24,sltyutx1,pvu
74.244.9.0/24,sltyutx1,pvu
74.244.10.0/24,dnvrcox1,den
74.244.11.0/24,dnvrcox1,den
74.244.12.0/24,lgosnga1,los
74.244.13.0/24,lgosnga1,los
74.244.14.0/24,dnvrcox1,den
74.244.15.0/24,dnvrcox1,den
74.244.16.0/24,knsymox1,mci
74.244.17.0/24,knsymox1,mci
74.244.18.0/24,knsymox1,mci
74.244.19.0/24,knsymox1,mci
74.244.20.0/24,knsymox1,mci
74.244.21.0/24,knsymox1,mci
74.244.22.0/24,knsymox1,mci
74.244.23.0/24,knsymox1,mci
74.244.24.0/24,knsymox1,mci
74.244.25.0/24,knsymox1,mci
74.244.26.0/24,knsymox1,mci
74.244.27.0/24,knsymox1,mci
74.244.28.0/24,tmpeazx1,phx
74.244.29.0/24,tmpeazx1,phx
74.244.30.0/24,tmpeazx1,phx
74.244.31.0/24,tmpeazx1,phx
74.244.32.0/24,sttlwax1,sea
74.244.33.0/24,sttlwax1,sea
74.244.34.0/24,clgycan1,yyc
74.244.35.0/24,clgycan1,yyc
74.244.36.0/24,lsancax1,lax
74.244.37.0/24,lsancax1,lax
74.244.38.0/24,lsancax1,lax
74.244.39.0/24,lsancax1,lax
74.244.40.0/24,lsancax1,lax
74.244.41.0/24,lsancax1,lax
74.244.42.0/24,dllstxx1,dfw
74.244.43.0/24,dllstxx1,dfw
74.244.44.0/24,dllstxx1,dfw
74.244.45.0/24,dllstxx1,dfw
74.244.46.0/24,dllstxx1,dfw
74.244.47.0/24,dllstxx1,dfw
74.244.48.0/24,dllstxx1,dfw
74.244.49.0/24,dllstxx1,dfw
74.244.50.0/24,snjecax1,sjc
74.244.51.0/24,snjecax1,sjc
74.244.52.0/24,snjecax1,sjc
74.244.53.0/24,snjecax1,sjc
74.244.54.0/24,atlagax1,atl
74.244.55.0/24,atlagax1,atl
74.244.56.0/24,atlagax1,atl
74.244.57.0/24,atlagax1,atl
74.244.58.0/24,atlagax1,atl
74.244.59.0/24,atlagax1,atl
74.244.60.0/24,ashnvax2,iad
74.244.61.0/24,ashnvax2,iad
74.244.62.0/24,ashnvax2,iad
74.244.63.0/24,ashnvax2,iad
74.244.64.0/24,gtmygtm1,gua
74.244.65.0/24,gtmygtm1,gua
74.244.66.0/24,gtmygtm1,gua
74.244.67.0/24,gtmygtm1,gua
74.244.68.0/24,sfiabgr1,sof
74.244.69.0/24,sfiabgr1,sof
74.244.72.0/24,sttlwax1,sea
74.244.73.0/24,sttlwax1,sea
74.244.74.0/24,mplsmnx1,msp
74.244.75.0/24,mplsmnx1,msp
74.244.76.0/24,sltyutx1,pvu
74.244.77.0/24,sltyutx1,pvu
74.244.78.0/24,mplsmnx1,msp
74.244.79.0/24,mplsmnx1,msp
74.244.80.0/24,jhngzaf1,jnb
74.244.81.0/24,jhngzaf1,jnb
74.244.82.0/24,nrbiken1,nbo
74.244.83.0/24,nrbiken1,nbo
74.244.84.0/24,mdrdesp1,mad
74.244.85.0/24,mdrdesp1,mad
74.244.86.0/24,mdrdesp1,mad
74.244.87.0/24,mdrdesp1,mad
74.244.89.0/24,lgosnga1,los
74.244.90.0/24,sttlwax1,sea
74.244.91.0/24,sttlwax1,sea
74.244.92.0/24,jhngzaf1,jnb
74.244.93.0/24,jhngzaf1,jnb
74.244.94.0/24,jhngzaf1,jnb
74.244.95.0/24,jhngzaf1,jnb
74.244.96.0/24,qrtomex1,qro
74.244.97.0/24,qrtomex1,qro
74.244.98.0/24,qrtomex1,qro
74.244.99.0/24,qrtomex1,qro
74.244.100.0/24,qrtomex1,qro
74.244.101.0/24,qrtomex1,qro
74.244.102.0/24,qrtomex1,qro
74.244.103.0/24,qrtomex1,qro
74.244.104.0/24,sntochl1,scl
74.244.105.0/24,sntochl1,scl
74.244.106.0/24,sntochl1,scl
74.244.107.0/24,sntochl1,scl
74.244.108.0/24,sltyutx1,pvu
74.244.109.0/24,sltyutx1,pvu
74.244.110.0/24,sltyutx1,pvu
74.244.111.0/24,sltyutx1,pvu
74.244.112.0/24,mmmiflx1,mia
74.244.113.0/24,mmmiflx1,mia
74.244.114.0/24,knsymox1,mci
74.244.115.0/24,knsymox1,mci
74.244.116.0/24,knsymox1,mci
74.244.117.0/24,knsymox1,mci
74.244.118.0/24,lgosnga1,los
74.244.119.0/24,lgosnga1,los
74.244.120.0/24,mmmiflx1,mia
74.244.121.0/24,mmmiflx1,mia
74.244.122.0/24,mmmiflx1,mia
74.244.123.0/24,mmmiflx1,mia
74.244.124.0/24,ashnvax2,iad
74.244.125.0/24,ashnvax2,iad
74.244.126.0/24,ashnvax2,iad
74.244.127.0/24,ashnvax2,iad
74.244.128.0/24,jhngzaf1,jnb
74.244.129.0/24,jhngzaf1,jnb
74.244.130.0/24,sltyutx1,pvu
74.244.131.0/24,sltyutx1,pvu
74.244.132.0/24,bnssarg1,eze
74.244.133.0/24,bnssarg1,eze
74.244.134.0/24,bnssarg1,eze
74.244.135.0/24,bnssarg1,eze
74.244.136.0/24,gtmygtm1,gua
74.244.137.0/24,gtmygtm1,gua
74.244.138.0/24,mlnnita1,mxp
74.244.139.0/24,mlnnita1,mxp
74.244.140.0/24,mmmiflx1,mia
74.244.141.0/24,mmmiflx1,mia
74.244.142.0/24,atlagax1,atl
74.244.143.0/24,atlagax1,atl
74.244.144.0/24,gtmygtm1,gua
74.244.145.0/24,gtmygtm1,gua
74.244.146.0/24,ashnvax2,iad
74.244.147.0/24,ashnvax2,iad
74.244.148.0/24,mmmiflx1,mia
74.244.149.0/24,mmmiflx1,mia
74.244.150.0/24,mmmiflx1,mia
74.244.151.0/24,mmmiflx1,mia
74.244.152.0/24,mmmiflx1,mia
74.244.153.0/24,mmmiflx1,mia
74.244.154.0/24,lsancax1,lax
74.244.155.0/24,lsancax1,lax
74.244.156.0/24,lsancax1,lax
74.244.157.0/24,lsancax1,lax
74.244.158.0/24,clgycan1,yyc
74.244.159.0/24,clgycan1,yyc
74.244.160.0/24,clgycan1,yyc
74.244.161.0/24,clgycan1,yyc
74.244.162.0/24,mmmiflx1,mia
74.244.163.0/24,mmmiflx1,mia
74.244.164.0/24,qrtomex1,qro
74.244.165.0/24,qrtomex1,qro
74.244.166.0/24,qrtomex1,qro
74.244.167.0/24,qrtomex1,qro
74.244.168.0/24,limaper1,lim
74.244.169.0/24,limaper1,lim
74.244.170.0/24,ashnvax2,iad
74.244.171.0/24,ashnvax2,iad
74.244.172.0/24,ashnvax2,iad
74.244.173.0/24,ashnvax2,iad
74.244.174.0/24,tmpeazx1,phx
74.244.175.0/24,tmpeazx1,phx
74.244.176.0/24,tmpeazx1,phx
74.244.177.0/24,tmpeazx1,phx
74.244.178.0/24,lgosnga1,los
74.244.179.0/24,lgosnga1,los
74.244.180.0/24,dllstxx1,dfw
74.244.181.0/24,dllstxx1,dfw
74.244.182.0/24,mplsmnx1,msp
74.244.183.0/24,mplsmnx1,msp
74.244.184.0/24,brsabra1,bsb
74.244.185.0/24,brsabra1,bsb
74.244.186.0/24,mmmiflx1,mia
74.244.187.0/24,mmmiflx1,mia
74.244.188.0/24,frntdeu1,fra
74.244.189.0/24,frntdeu1,fra
74.244.190.0/24,mmmiflx1,mia
74.244.191.0/24,mmmiflx1,mia
74.244.192.0/24,mmmiflx1,mia
74.244.193.0/24,mmmiflx1,mia
74.244.194.0/24,jhngzaf1,jnb
74.244.195.0/24,jhngzaf1,jnb
74.244.196.0/24,jhngzaf1,jnb
74.244.197.0/24,jhngzaf1,jnb
74.244.198.0/24,sttlwax1,sea
74.244.199.0/24,sttlwax1,sea
74.244.200.0/24,sttlwax1,sea
74.244.201.0/24,sttlwax1,sea
74.244.202.0/24,atlagax1,atl
74.244.203.0/24,atlagax1,atl
74.244.204.0/24,atlagax1,atl
74.244.205.0/24,atlagax1,atl
74.244.206.0/24,dllstxx1,dfw
74.244.207.0/24,dllstxx1,dfw
74.244.208.0/24,dllstxx1,dfw
74.244.209.0/24,dllstxx1,dfw
74.244.210.0/24,mmmiflx1,mia
74.244.211.0/24,mmmiflx1,mia
74.244.212.0/24,atlagax1,atl
74.244.213.0/24,atlagax1,atl
74.244.214.0/24,snjecax1,sjc
74.244.215.0/24,snjecax1,sjc
74.244.216.0/24,lsancax1,lax
74.244.217.0/24,lsancax1,lax
74.244.218.0/24,nwyynyx1,lga
74.244.219.0/24,nwyynyx1,lga
74.244.220.0/24,ashnvax2,iad
74.244.221.0/24,ashnvax2,iad
74.244.222.0/24,frtabra1,for
74.244.223.0/24,frtabra1,for
87.251.28.0/24,wrswpol1,waw
87.251.29.0/24,wrswpol1,waw
91.102.182.0/24,wrswpol1,waw
91.102.183.0/24,wrswpol1,waw
98.97.0.0/24,chcoilx1,ord
98.97.1.0/24,chcoilx1,ord
98.97.2.0/24,chcoilx1,ord
98.97.3.0/24,chcoilx1,ord
98.97.4.0/24,chcoilx1,ord
98.97.5.0/24,chcoilx1,ord
98.97.6.0/24,chcoilx1,ord
98.97.7.0/24,chcoilx1,ord
98.97.8.0/24,chcoilx1,ord
98.97.9.0/24,chcoilx1,ord
98.97.10.0/24,chcoilx1,ord
98.97.11.0/24,chcoilx1,ord
98.97.12.0/24,chcoilx1,ord
98.97.13.0/24,chcoilx1,ord
98.97.14.0/24,chcoilx1,ord
98.97.15.0/24,chcoilx1,ord
98.97.16.0/24,ashnvax2,iad
98.97.17.0/24,ashnvax2,iad
98.97.18.0/24,sttlwax1,sea
98.97.19.0/24,sttlwax1,sea
98.97.20.0/24,dllstxx1,dfw
98.97.21.0/24,dllstxx1,dfw
98.97.22.0/24,dllstxx1,dfw
98.97.23.0/24,dllstxx1,dfw
98.97.24.0/24,snjecax1,sjc
98.97.25.0/24,snjecax1,sjc
98.97.26.0/24,snjecax1,sjc
98.97.27.0/24,snjecax1,sjc
98.97.28.0/24,snjecax1,sjc
98.97.29.0/24,snjecax1,sjc
98.97.30.0/24,snjecax1,sjc
98.97.31.0/24,snjecax1,sjc
98.97.32.0/24,sttlwax1,sea
98.97.33.0/24,sttlwax1,sea
98.97.34.0/24,sttlwax1,sea
98.97.35.0/24,sttlwax1,sea
98.97.36.0/24,sttlwax1,sea
98.97.37.0/24,sttlwax1,sea
98.97.38.0/24,sttlwax1,sea
98.97.39.0/24,sttlwax1,sea
98.97.40.0/24,sttlwax1,sea
98.97.41.0/24,sttlwax1,sea
98.97.42.0/24,sttlwax1,sea
98.97.43.0/24,sttlwax1,sea
98.97.44.0/24,limaper1,lim
98.97.45.0/24,limaper1,lim
98.97.46.0/24,jhngzaf1,jnb
98.97.47.0/24,jhngzaf1,jnb
98.97.48.0/24,snjecax1,sjc
98.97.49.0/24,snjecax1,sjc
98.97.50.0/24,gtmygtm1,gua
98.97.51.0/24,gtmygtm1,gua
98.97.52.0/24,mntlcan1,yul
98.97.53.0/24,mntlcan1,yul
98.97.56.0/24,lsancax1,lax
98.97.57.0/24,lsancax1,lax
98.97.58.0/24,lsancax1,lax
98.97.59.0/24,lsancax1,lax
98.97.60.0/24,snjecax1,sjc
98.97.61.0/24,snjecax1,sjc
98.97.62.0/24,snjecax1,sjc
98.97.63.0/24,snjecax1,sjc
98.97.64.0/24,sttlwax1,sea
98.97.65.0/24,sttlwax1,sea
98.97.66.0/24,sttlwax1,sea
98.97.67.0/24,sttlwax1,sea
98.97.68.0/24,sttlwax1,sea
98.97.69.0/24,sttlwax1,sea
98.97.70.0/24,sttlwax1,sea
98.97.71.0/24,sttlwax1,sea
98.97.74.0/24,mlnnita1,mxp
98.97.75.0/24,mlnnita1,mxp
98.97.76.0/24,lgosnga1,los
98.97.77.0/24,lgosnga1,los
98.97.79.0/24,lgosnga1,los
98.97.80.0/24,dllstxx1,dfw
98.97.81.0/24,dllstxx1,dfw
98.97.82.0/24,dllstxx1,dfw
98.97.83.0/24,dllstxx1,dfw
98.97.84.0/24,dllstxx1,dfw
98.97.85.0/24,dllstxx1,dfw
98.97.86.0/24,dllstxx1,dfw
98.97.87.0/24,dllstxx1,dfw
98.97.88.0/24,dllstxx1,dfw
98.97.89.0/24,dllstxx1,dfw
98.97.90.0/24,dllstxx1,dfw
98.97.91.0/24,dllstxx1,dfw
98.97.92.0/24,dllstxx1,dfw
98.97.93.0/24,dllstxx1,dfw
98.97.94.0/24,dllstxx1,dfw
98.97.95.0/24,dllstxx1,dfw
98.97.96.0/24,sttlwax1,sea
98.97.97.0/24,sttlwax1,sea
98.97.98.0/24,sttlwax1,sea
98.97.99.0/24,sttlwax1,sea
98.97.100.0/24,sttlwax1,sea
98.97.101.0/24,sttlwax1,sea
98.97.102.0/24,sttlwax1,sea
98.97.103.0/24,sttlwax1,sea
98.97.104.0/24,dnvrcox1,den
98.97.105.0/24,dnvrcox1,den
98.97.106.0/24,dnvrcox1,den
98.97.107.0/24,dnvrcox1,den
98.97.108.0/24,dnvrcox1,den
98.97.109.0/24,dnvrcox1,den
98.97.110.0/24,dnvrcox1,den
98.97.111.0/24,dnvrcox1,den
98.97.112.0/24,tmpeazx1,phx
98.97.113.0/24,tmpeazx1,phx
98.97.114.0/24,tmpeazx1,phx
98.97.115.0/24,tmpeazx1,phx
98.97.116.0/24,tmpeazx1,phx
98.97.117.0/24,tmpeazx1,phx
98.97.118.0/24,tmpeazx1,phx
98.97.119.0/24,tmpeazx1,phx
98.97.120.0/24,lsancax1,lax
98.97.121.0/24,lsancax1,lax
98.97.122.0/24,lsancax1,lax
98.97.123.0/24,lsancax1,lax
98.97.124.0/24,lsancax1,lax
98.97.125.0/24,lsancax1,lax
98.97.126.0/24,lsancax1,lax
98.97.127.0/24,lsancax1,lax
98.97.128.0/24,sntochl1,scl
98.97.132.0/24,jhngzaf1,jnb
98.97.133.0/24,jhngzaf1,jnb
98.97.134.0/24,bnssarg1,eze
98.97.135.0/24,bnssarg1,eze
98.97.136.0/24,lsancax1,lax
98.97.137.0/24,lsancax1,lax
98.97.138.0/24,lsancax1,lax
98.97.139.0/24,lsancax1,lax
98.97.140.0/24,lsancax1,lax
98.97.141.0/24,lsancax1,lax
98.97.142.0/24,lsancax1,lax
98.97.143.0/24,lsancax1,lax
98.97.144.0/24,gtmygtm1,gua
98.97.145.0/24,gtmygtm1,gua
98.97.146.0/24,tmpeazx1,phx
98.97.147.0/24,tmpeazx1,phx
98.97.148.0/24,bnssarg1,eze
98.97.149.0/24,bnssarg1,eze
98.97.150.0/24,jhngzaf1,jnb
98.97.151.0/24,jhngzaf1,jnb
98.97.152.0/24,ashnvax2,iad
98.97.153.0/24,ashnvax2,iad
98.97.154.0/24,ashnvax2,iad
98.97.155.0/24,ashnvax2,iad
98.97.156.0/24,bgtacol1,bog
98.97.157.0/24,bgtacol1,bog
98.97.162.0/24,nrbiken1,nbo
98.97.163.0/24,nrbiken1,nbo
98.97.164.0/24,clgycan1,yyc
98.97.165.0/24,clgycan1,yyc
98.97.166.0/24,mmmiflx1,mia
98.97.167.0/24,mmmiflx1,mia
98.97.168.0/24,atlagax1,atl
98.97.169.0/24,atlagax1,atl
98.97.170.0/24,atlagax1,atl
98.97.171.0/24,atlagax1,atl
98.97.172.0/24,atlagax1,atl
98.97.173.0/24,atlagax1,atl
98.97.174.0/24,atlagax1,atl
98.97.175.0/24,atlagax1,atl
98.97.176.0/24,nrbiken1,nbo
98.97.177.0/24,nrbiken1,nbo
98.97.178.0/24,gtmygtm1,gua
98.97.179.0/24,gtmygtm1,gua
98.97.186.0/24,mmmiflx1,mia
98.97.187.0/24,mmmiflx1,mia
98.97.188.0/24,tmpeazx1,phx
98.97.189.0/24,tmpeazx1,phx
103.228.240.0/24,jtnaidn2,jkt
116.91.208.0/24,mnlaphl1,mnl
116.91.209.0/24,mnlaphl1,mnl
116.91.210.0/24,sydyaus1,syd
116.91.211.0/24,sydyaus1,syd
116.91.212.0/24,mlbeaus1,mel
116.91.213.0/24,mlbeaus1,mel
116.91.216.0/24,prthaus1,per
116.91.218.0/24,chrhnzl1,chc
116.91.219.0/24,chrhnzl1,chc
116.91.220.0/24,mlbeaus1,mel
116.91.221.0/24,mlbeaus1,mel
116.91.222.0/24,mlbeaus1,mel
116.91.223.0/24,mlbeaus1,mel
116.254.96.0/24,jtnaidn2,jkt
116.254.97.0/24,jtnaidn2,jkt
116.254.98.0/24,jtnaidn2,jkt
116.254.99.0/24,jtnaidn2,jkt
129.222.0.0/24,mmmiflx1,mia
129.222.1.0/24,mmmiflx1,mia
129.222.2.0/24,ashnvax2,iad
129.222.3.0/24,ashnvax2,iad
129.222.4.0/24,ashnvax2,iad
129.222.5.0/24,ashnvax2,iad
129.222.6.0/24,ashnvax2,iad
129.222.7.0/24,ashnvax2,iad
129.222.8.0/24,chcoilx1,ord
129.222.9.0/24,chcoilx1,ord
129.222.10.0/24,chcoilx1,ord
129.222.11.0/24,chcoilx1,ord
129.222.12.0/24,chcoilx1,ord
129.222.13.0/24,chcoilx1,ord
129.222.14.0/24,chcoilx1,ord
129.222.15.0/24,chcoilx1,ord
129.222.16.0/24,chcoilx1,ord
129.222.17.0/24,chcoilx1,ord
129.222.18.0/24,chcoilx1,ord
129.222.19.0/24,chcoilx1,ord
129.222.20.0/24,chcoilx1,ord
129.222.21.0/24,chcoilx1,ord
129.222.22.0/24,chcoilx1,ord
129.222.23.0/24,chcoilx1,ord
129.222.24.0/24,chcoilx1,ord
129.222.25.0/24,chcoilx1,ord
129.222.26.0/24,chcoilx1,ord
129.222.27.0/24,chcoilx1,ord
129.222.28.0/24,chcoilx1,ord
129.222.29.0/24,chcoilx1,ord
129.222.30.0/24,chcoilx1,ord
129.222.31.0/24,chcoilx1,ord
129.222.32.0/24,atlagax1,atl
129.222.33.0/24,atlagax1,atl
129.222.34.0/24,atlagax1,atl
129.222.35.0/24,atlagax1,atl
129.222.36.0/24,atlagax1,atl
129.222.37.0/24,atlagax1,atl
129.222.38.0/24,atlagax1,atl
129.222.39.0/24,atlagax1,atl
129.222.40.0/24,mplsmnx1,msp
129.222.41.0/24,mplsmnx1,msp
129.222.42.0/24,mplsmnx1,msp
129.222.43.0/24,mplsmnx1,msp
129.222.44.0/24,mplsmnx1,msp
129.222.45.0/24,mplsmnx1,msp
129.222.46.0/24,mplsmnx1,msp
129.222.47.0/24,mplsmnx1,msp
129.222.48.0/24,mmmiflx1,mia
129.222.49.0/24,mmmiflx1,mia
129.222.50.0/24,mmmiflx1,mia
129.222.51.0/24,mmmiflx1,mia
129.222.52.0/24,mmmiflx1,mia
129.222.53.0/24,mmmiflx1,mia
129.222.54.0/24,mmmiflx1,mia
129.222.55.0/24,mmmiflx1,mia
129.222.58.0/24,gtmygtm1,gua
129.222.59.0/24,gtmygtm1,gua
129.222.60.0/24,wrswpol1,waw
129.222.61.0/24,wrswpol1,waw
129.222.62.0/24,chcoilx1,ord
129.222.63.0/24,chcoilx1,ord
129.222.64.0/24,qrtomex1,qro
129.222.68.0/24,nrbiken1,nbo
129.222.69.0/24,nrbiken1,nbo
129.222.70.0/24,clgycan1,yyc
129.222.71.0/24,clgycan1,yyc
129.222.72.0/24,dllstxx1,dfw
129.222.73.0/24,dllstxx1,dfw
129.222.74.0/24,dllstxx1,dfw
129.222.75.0/24,dllstxx1,dfw
129.222.76.0/24,dllstxx1,dfw
129.222.77.0/24,dllstxx1,dfw
129.222.78.0/24,dllstxx1,dfw
129.222.79.0/24,dllstxx1,dfw
129.222.80.0/24,atlagax1,atl
129.222.81.0/24,atlagax1,atl
129.222.82.0/24,atlagax1,atl
129.222.83.0/24,atlagax1,atl
129.222.84.0/24,atlagax1,atl
129.222.85.0/24,atlagax1,atl
129.222.86.0/24,atlagax1,atl
129.222.87.0/24,atlagax1,atl
129.222.88.0/24,mmmiflx1,mia
129.222.89.0/24,mmmiflx1,mia
129.222.90.0/24,qrtomex1,qro
129.222.91.0/24,qrtomex1,qro
129.222.94.0/24,mntlcan1,yul
129.222.95.0/24,mntlcan1,yul
129.222.96.0/24,clgycan1,yyc
129.222.97.0/24,clgycan1,yyc
129.222.98.0/24,nwyynyx1,lga
129.222.99.0/24,nwyynyx1,lga
129.222.100.0/24,sltyutx1,pvu
129.222.101.0/24,sltyutx1,pvu
129.222.102.0/24,sltyutx1,pvu
129.222.103.0/24,sltyutx1,pvu
129.222.104.0/24,lgosnga1,los
129.222.105.0/24,lgosnga1,los
129.222.106.0/24,clgycan1,yyc
129.222.107.0/24,clgycan1,yyc
129.222.108.0/24,jhngzaf1,jnb
129.222.109.0/24,jhngzaf1,jnb
129.222.110.0/24,qrtomex1,qro
129.222.111.0/24,qrtomex1,qro
129.222.112.0/24,mplsmnx1,msp
129.222.113.0/24,mplsmnx1,msp
129.222.114.0/24,mplsmnx1,msp
129.222.115.0/24,mplsmnx1,msp
129.222.118.0/24,mmmiflx1,mia
129.222.119.0/24,mmmiflx1,mia
129.222.120.0/24,dllstxx1,dfw
129.222.121.0/24,dllstxx1,dfw
129.222.122.0/24,dllstxx1,dfw
129.222.123.0/24,dllstxx1,dfw
129.222.124.0/24,dllstxx1,dfw
129.222.125.0/24,dllstxx1,dfw
129.222.126.0/24,dllstxx1,dfw
129.222.127.0/24,dllstxx1,dfw
129.222.128.0/24,tmpeazx1,phx
129.222.129.0/24,tmpeazx1,phx
129.222.130.0/24,sltyutx1,pvu
129.222.131.0/24,sltyutx1,pvu
129.222.132.0/24,snjecax1,sjc
129.222.133.0/24,snjecax1,sjc
129.222.134.0/24,mmmiflx1,mia
129.222.135.0/24,mmmiflx1,mia
129.222.136.0/24,clgycan1,yyc
129.222.137.0/24,clgycan1,yyc
129.222.138.0/24,clgycan1,yyc
129.222.139.0/24,clgycan1,yyc
129.222.140.0/24,clgycan1,yyc
129.222.141.0/24,clgycan1,yyc
129.222.142.0/24,tmpeazx1,phx
129.222.144.0/24,nrbiken1,nbo
129.222.145.0/24,nrbiken1,nbo
129.222.146.0/24,nrbiken1,nbo
129.222.147.0/24,nrbiken1,nbo
129.222.148.0/24,nrbiken1,nbo
129.222.149.0/24,nrbiken1,nbo
129.222.150.0/24,nwyynyx1,lga
129.222.151.0/24,nwyynyx1,lga
129.222.152.0/24,mplsmnx1,msp
129.222.153.0/24,mplsmnx1,msp
129.222.154.0/24,mplsmnx1,msp
129.222.155.0/24,mplsmnx1,msp
129.222.156.0/24,mplsmnx1,msp
129.222.157.0/24,mplsmnx1,msp
129.222.158.0/24,mplsmnx1,msp
129.222.159.0/24,mplsmnx1,msp
129.222.160.0/24,gtmygtm1,gua
129.222.161.0/24,gtmygtm1,gua
129.222.162.0/24,ashnvax2,iad
129.222.163.0/24,ashnvax2,iad
129.222.166.0/24,nwyynyx1,lga
129.222.167.0/24,nwyynyx1,lga
129.222.168.0/24,sntochl1,scl
129.222.169.0/24,sntochl1,scl
129.222.170.0/24,sntochl1,scl
129.222.171.0/24,sntochl1,scl
129.222.172.0/24,sntochl1,scl
129.222.173.0/24,sntochl1,scl
129.222.174.0/24,sntochl1,scl
129.222.175.0/24,sntochl1,scl
129.222.176.0/24,limaper1,lim
129.222.177.0/24,limaper1,lim
129.222.178.0/24,limaper1,lim
129.222.179.0/24,limaper1,lim
129.222.180.0/24,limaper1,lim
129.222.181.0/24,limaper1,lim
129.222.183.0/24,limaper1,lim
129.222.184.0/24,chcoilx1,ord
129.222.185.0/24,chcoilx1,ord
129.222.186.0/24,nrbiken1,nbo
129.222.187.0/24,nrbiken1,nbo
129.222.188.0/24,sfiabgr1,sof
129.222.189.0/24,sfiabgr1,sof
129.222.191.0/24,sfiabgr1,sof
129.222.192.0/24,ashnvax2,iad
129.222.193.0/24,ashnvax2,iad
129.222.194.0/24,nwyynyx1,lga
129.222.195.0/24,nwyynyx1,lga
129.222.196.0/24,mntlcan1,yul
129.222.197.0/24,mntlcan1,yul
129.222.198.0/24,bgtacol1,bog
129.222.199.0/24,bgtacol1,bog
129.222.200.0/24,mmmiflx1,mia
129.222.201.0/24,mmmiflx1,mia
129.222.202.0/24,bgtacol1,bog
129.222.203.0/24,bgtacol1,bog
129.222.204.0/24,lgosnga1,los
129.222.205.0/24,lgosnga1,los
129.222.206.0/24,lgosnga1,los
129.222.207.0/24,lgosnga1,los
129.222.208.0/24,nwyynyx1,lga
129.222.209.0/24,nwyynyx1,lga
129.222.210.0/24,nwyynyx1,lga
129.222.211.0/24,nwyynyx1,lga
129.222.212.0/24,nrbiken1,nbo
129.222.213.0/24,nrbiken1,nbo
129.222.214.0/24,sntochl1,scl
129.222.215.0/24,sntochl1,scl
129.222.224.0/24,nwyynyx1,lga
129.222.225.0/24,nwyynyx1,lga
129.222.226.0/24,nwyynyx1,lga
129.222.227.0/24,nwyynyx1,lga
129.222.228.0/24,nwyynyx1,lga
129.222.229.0/24,nwyynyx1,lga
129.222.230.0/24,nwyynyx1,lga
129.222.231.0/24,nwyynyx1,lga
129.222.232.0/24,nwyynyx1,lga
129.222.233.0/24,nwyynyx1,lga
129.222.234.0/24,nwyynyx1,lga
129.222.235.0/24,nwyynyx1,lga
129.222.236.0/24,nwyynyx1,lga
129.222.237.0/24,nwyynyx1,lga
129.222.238.0/24,nwyynyx1,lga
129.222.239.0/24,nwyynyx1,lga
129.222.240.0/24,nwyynyx1,lga
129.222.241.0/24,nwyynyx1,lga
129.222.242.0/24,nwyynyx1,lga
129.222.243.0/24,nwyynyx1,lga
129.222.244.0/24,nwyynyx1,lga
129.222.245.0/24,nwyynyx1,lga
129.222.246.0/24,mntlcan1,yul
129.222.247.0/24,mntlcan1,yul
129.222.248.0/24,atlagax1,atl
129.222.249.0/24,atlagax1,atl
129.222.250.0/24,atlagax1,atl
129.222.251.0/24,atlagax1,atl
129.222.252.0/24,atlagax1,atl
129.222.253.0/24,atlagax1,atl
129.222.254.0/24,atlagax1,atl
129.222.255.0/24,atlagax1,atl
129.224.192.0/24,dllstxx1,dfw
129.224.193.0/24,dllstxx1,dfw
129.224.194.0/24,dllstxx1,dfw
129.224.195.0/24,dllstxx1,dfw
129.224.196.0/24,dllstxx1,dfw
129.224.197.0/24,dllstxx1,dfw
129.224.198.0/24,dllstxx1,dfw
129.224.199.0/24,dllstxx1,dfw
129.224.202.0/24,sngesgp1,sin
129.224.203.0/24,sngesgp1,sin
129.224.204.0/24,lgosnga1,los
129.224.205.0/24,lgosnga1,los
129.224.206.0/24,frntdeu1,fra
129.224.207.0/24,frntdeu1,fra
129.224.210.0/24,mplsmnx1,msp
129.224.211.0/24,mplsmnx1,msp
129.224.212.0/24,mmmiflx1,mia
129.224.213.0/24,mmmiflx1,mia
129.224.214.0/24,bnssarg1,eze
129.224.215.0/24,bnssarg1,eze
135.129.112.0/24,mntlcan1,yul
135.129.113.0/24,mntlcan1,yul
135.129.118.0/24,mmmiflx1,mia
135.129.120.0/24,bgtacol1,bog
135.129.121.0/24,bgtacol1,bog
135.129.124.0/24,lgosnga1,los
135.129.125.0/24,lgosnga1,los
135.129.126.0/24,sltyutx1,pvu
135.129.127.0/24,sltyutx1,pvu
138.84.32.0/24,sntochl1,scl
138.84.33.0/24,sntochl1,scl
138.84.34.0/24,sntochl1,scl
138.84.35.0/24,sntochl1,scl
138.84.36.0/24,limaper1,lim
138.84.37.0/24,limaper1,lim
138.84.39.0/24,limaper1,lim
138.84.41.0/24,bgtacol1,bog
138.84.44.0/24,qrtomex1,qro
138.84.45.0/24,qrtomex1,qro
138.84.48.0/24,bgtacol1,bog
138.84.52.0/24,bgtacol1,bog
138.84.53.0/24,bgtacol1,bog
138.84.54.0/24,qrtomex1,qro
138.84.55.0/24,qrtomex1,qro
138.84.56.0/24,splobra1,gru
138.84.57.0/24,splobra1,gru
138.84.58.0/24,brsabra1,bsb
138.84.59.0/24,brsabra1,bsb
138.84.62.0/24,sntochl1,scl
138.84.63.0/24,sntochl1,scl
143.105.0.0/24,ashnvax2,iad
143.105.1.0/24,ashnvax2,iad
143.105.2.0/24,ashnvax2,iad
143.105.3.0/24,ashnvax2,iad
143.105.6.0/24,mntlcan1,yul
143.105.8.0/24,sttlwax1,sea
143.105.9.0/24,sttlwax1,sea
143.105.10.0/24,sttlwax1,sea
143.105.11.0/24,sttlwax1,sea
143.105.12.0/24,chcoilx1,ord
143.105.13.0/24,chcoilx1,ord
143.105.14.0/24,ashnvax2,iad
143.105.15.0/24,ashnvax2,iad
143.105.16.0/24,qrtomex1,qro
143.105.17.0/24,qrtomex1,qro
143.105.18.0/24,bgtacol1,bog
143.105.19.0/24,bgtacol1,bog
143.105.20.0/24,mmmiflx1,mia
143.105.21.0/24,mmmiflx1,mia
143.105.22.0/24,mmmiflx1,mia
143.105.23.0/24,mmmiflx1,mia
143.105.24.0/24,splobra1,gru
143.105.25.0/24,splobra1,gru
143.105.26.0/24,nrbiken1,nbo
143.105.27.0/24,nrbiken1,nbo
143.105.28.0/24,qrtomex1,qro
143.105.29.0/24,qrtomex1,qro
143.105.30.0/24,qrtomex1,qro
143.105.31.0/24,qrtomex1,qro
143.105.32.0/24,mdrdesp1,mad
143.105.33.0/24,mdrdesp1,mad
143.105.36.0/24,jhngzaf1,jnb
143.105.37.0/24,jhngzaf1,jnb
143.105.38.0/24,mplsmnx1,msp
143.105.39.0/24,mplsmnx1,msp
143.105.40.0/24,jhngzaf1,jnb
143.105.41.0/24,jhngzaf1,jnb
143.105.46.0/24,mmmiflx1,mia
143.105.47.0/24,mmmiflx1,mia
143.105.48.0/24,jhngzaf1,jnb
143.105.49.0/24,jhngzaf1,jnb
143.105.50.0/24,ashnvax2,iad
143.105.51.0/24,ashnvax2,iad
143.105.52.0/24,ashnvax2,iad
143.105.53.0/24,ashnvax2,iad
143.105.54.0/24,mntlcan1,yul
143.105.55.0/24,mntlcan1,yul
143.105.56.0/24,mplsmnx1,msp
143.105.57.0/24,mplsmnx1,msp
143.105.58.0/24,tmpeazx1,phx
143.105.59.0/24,tmpeazx1,phx
143.105.60.0/24,dllstxx1,dfw
143.105.61.0/24,dllstxx1,dfw
143.105.62.0/24,dllstxx1,dfw
143.105.63.0/24,dllstxx1,dfw
143.105.68.0/24,qrtomex1,qro
143.105.69.0/24,qrtomex1,qro
143.105.70.0/24,qrtomex1,qro
143.105.71.0/24,qrtomex1,qro
143.105.76.0/24,sntochl1,scl
143.105.77.0/24,sntochl1,scl
143.105.78.0/24,sntochl1,scl
143.105.79.0/24,sntochl1,scl
143.105.82.0/24,frtabra1,for
143.105.83.0/24,frtabra1,for
143.105.84.0/24,dllstxx1,dfw
143.105.85.0/24,dllstxx1,dfw
143.105.86.0/24,bnssarg1,eze
143.105.87.0/24,bnssarg1,eze
143.105.88.0/24,dnvrcox1,den
143.105.89.0/24,dnvrcox1,den
143.105.90.0/24,lsancax1,lax
143.105.91.0/24,lsancax1,lax
143.105.92.0/24,clgycan1,yyc
143.105.93.0/24,clgycan1,yyc
143.105.96.0/24,sntochl1,scl
143.105.97.0/24,sntochl1,scl
143.105.98.0/24,bgtacol1,bog
143.105.99.0/24,bgtacol1,bog
143.105.100.0/24,mntlcan1,yul
143.105.101.0/24,mntlcan1,yul
143.105.102.0/24,lgosnga1,los
143.105.103.0/24,lgosnga1,los
143.105.104.0/24,sltyutx1,pvu
143.105.105.0/24,sltyutx1,pvu
143.105.106.0/24,lsancax1,lax
143.105.107.0/24,lsancax1,lax
143.105.108.0/24,bnssarg1,eze
143.105.109.0/24,bnssarg1,eze
143.105.110.0/24,chcoilx1,ord
143.105.111.0/24,chcoilx1,ord
143.105.114.0/24,chcoilx1,ord
143.105.115.0/24,chcoilx1,ord
143.105.116.0/24,snjecax1,sjc
143.105.117.0/24,snjecax1,sjc
143.105.118.0/24,snjecax1,sjc
143.105.119.0/24,snjecax1,sjc
143.105.122.0/24,gtmygtm1,gua
143.105.123.0/24,gtmygtm1,gua
143.105.124.0/24,mmmiflx1,mia
143.105.125.0/24,mmmiflx1,mia
143.105.126.0/24,mmmiflx1,mia
143.105.127.0/24,mmmiflx1,mia
143.105.128.0/24,frtabra1,for
143.105.129.0/24,frtabra1,for
143.105.130.0/24,mmmiflx1,mia
143.105.131.0/24,mmmiflx1,mia
143.105.132.0/24,lgosnga1,los
143.105.133.0/24,lgosnga1,los
143.105.134.0/24,sntochl1,scl
143.105.135.0/24,sntochl1,scl
143.105.136.0/24,bnssarg1,eze
143.105.137.0/24,bnssarg1,eze
143.105.138.0/24,sntochl1,scl
143.105.139.0/24,sntochl1,scl
143.105.140.0/24,splobra1,gru
143.105.141.0/24,splobra1,gru
143.105.142.0/24,splobra1,gru
143.105.143.0/24,splobra1,gru
143.105.144.0/24,lgosnga1,los
143.105.145.0/24,lgosnga1,los
143.105.147.0/24,bgtacol1,bog
143.105.148.0/24,ashnvax2,iad
143.105.149.0/24,ashnvax2,iad
143.105.150.0/24,ashnvax2,iad
143.105.151.0/24,ashnvax2,iad
143.105.152.0/24,lgosnga1,los
143.105.153.0/24,lgosnga1,los
143.105.154.0/24,jhngzaf1,jnb
143.105.155.0/24,jhngzaf1,jnb
143.105.156.0/24,limaper1,lim
143.105.157.0/24,limaper1,lim
143.105.158.0/24,tmpeazx1,phx
143.105.159.0/24,tmpeazx1,phx
143.105.160.0/24,lgosnga1,los
143.105.161.0/24,lgosnga1,los
143.105.162.0/24,sfiabgr1,sof
143.105.163.0/24,sfiabgr1,sof
143.105.164.0/24,frtabra1,for
143.105.165.0/24,frtabra1,for
143.105.166.0/24,sfiabgr1,sof
143.105.167.0/24,sfiabgr1,sof
143.105.168.0/24,mmmiflx1,mia
143.105.169.0/24,mmmiflx1,mia
143.105.170.0/24,mmmiflx1,mia
143.105.171.0/24,mmmiflx1,mia
143.105.172.0/24,lgosnga1,los
143.105.173.0/24,lgosnga1,los
143.105.174.0/24,lgosnga1,los
143.105.175.0/24,lgosnga1,los
143.105.180.0/24,limaper1,lim
143.105.181.0/24,limaper1,lim
143.105.182.0/24,dnvrcox1,den
143.105.183.0/24,dnvrcox1,den
143.105.184.0/24,mdrdesp1,mad
143.105.185.0/24,mdrdesp1,mad
143.105.186.0/24,nrbiken1,nbo
143.105.187.0/24,nrbiken1,nbo
143.105.188.0/24,mplsmnx1,msp
143.105.189.0/24,mplsmnx1,msp
143.105.190.0/24,ashnvax2,iad
143.105.191.0/24,ashnvax2,iad
143.105.192.0/24,chcoilx1,ord
143.105.193.0/24,chcoilx1,ord
143.105.194.0/24,mntlcan1,yul
143.105.195.0/24,mntlcan1,yul
143.105.196.0/24,mntlcan1,yul
143.105.197.0/24,mntlcan1,yul
143.105.198.0/24,mntlcan1,yul
143.105.199.0/24,mntlcan1,yul
143.105.200.0/24,mntlcan1,yul
143.105.201.0/24,mntlcan1,yul
143.105.202.0/24,mntlcan1,yul
143.105.203.0/24,mntlcan1,yul
143.105.204.0/24,mntlcan1,yul
143.105.205.0/24,mntlcan1,yul
143.105.206.0/24,mntlcan1,yul
143.105.207.0/24,mntlcan1,yul
143.105.208.0/24,lgosnga1,los
143.105.209.0/24,lgosnga1,los
143.105.210.0/24,lgosnga1,los
143.105.211.0/24,lgosnga1,los
143.105.212.0/24,nrbiken1,nbo
143.105.213.0/24,nrbiken1,nbo
143.105.214.0/24,nrbiken1,nbo
143.105.215.0/24,nrbiken1,nbo
143.105.216.0/24,nrbiken1,nbo
143.105.217.0/24,nrbiken1,nbo
143.105.222.0/24,lsancax1,lax
143.105.223.0/24,lsancax1,lax
143.105.224.0/24,atlagax1,atl
143.105.225.0/24,atlagax1,atl
143.105.226.0/24,tmpeazx1,phx
143.105.227.0/24,tmpeazx1,phx
143.105.228.0/24,snjecax1,sjc
143.105.229.0/24,snjecax1,sjc
143.105.230.0/24,sltyutx1,pvu
143.105.231.0/24,sltyutx1,pvu
143.105.232.0/24,jhngzaf1,jnb
143.105.233.0/24,jhngzaf1,jnb
143.105.234.0/24,mmmiflx1,mia
143.105.235.0/24,mmmiflx1,mia
143.105.236.0/24,mmmiflx1,mia
143.105.237.0/24,mmmiflx1,mia
143.105.238.0/24,mmmiflx1,mia
143.105.239.0/24,mmmiflx1,mia
143.105.240.0/24,sntochl1,scl
143.105.241.0/24,sntochl1,scl
143.105.242.0/24,knsymox1,mci
143.105.243.0/24,knsymox1,mci
143.105.244.0/24,knsymox1,mci
143.105.245.0/24,knsymox1,mci
143.105.246.0/24,knsymox1,mci
143.105.247.0/24,knsymox1,mci
143.105.248.0/24,mmmiflx1,mia
143.105.249.0/24,mmmiflx1,mia
143.105.250.0/24,mmmiflx1,mia
143.105.251.0/24,mmmiflx1,mia
143.105.252.0/24,jhngzaf1,jnb
143.105.253.0/24,jhngzaf1,jnb
143.105.254.0/24,bgtacol1,bog
143.105.255.0/24,bgtacol1,bog
145.224.64.0/24,lndngbr1,lhr
145.224.65.0/24,lndngbr1,lhr
145.224.66.0/24,lndngbr1,lhr
145.224.67.0/24,lndngbr1,lhr
145.224.68.0/24,lndngbr1,lhr
145.224.69.0/24,lndngbr1,lhr
145.224.70.0/24,lndngbr1,lhr
145.224.71.0/24,lndngbr1,lhr
145.224.72.0/24,frntdeu1,fra
145.224.73.0/24,frntdeu1,fra
145.224.74.0/24,frntdeu1,fra
145.224.75.0/24,frntdeu1,fra
145.224.76.0/24,frntdeu1,fra
145.224.77.0/24,frntdeu1,fra
145.224.78.0/24,frntdeu1,fra
145.224.79.0/24,frntdeu1,fra
145.224.82.0/24,frntdeu1,fra
145.224.83.0/24,frntdeu1,fra
145.224.84.0/24,mdrdesp1,mad
145.224.85.0/24,mdrdesp1,mad
145.224.88.0/24,lndngbr1,lhr
145.224.89.0/24,lndngbr1,lhr
145.224.90.0/24,lndngbr1,lhr
145.224.91.0/24,lndngbr1,lhr
145.224.100.0/24,wrswpol1,waw
145.224.101.0/24,wrswpol1,waw
145.224.102.0/24,wrswpol1,waw
145.224.103.0/24,wrswpol1,waw
145.224.104.0/24,wrswpol1,waw
145.224.105.0/24,wrswpol1,waw
145.224.106.0/24,wrswpol1,waw
145.224.107.0/24,wrswpol1,waw
145.224.110.0/24,wrswpol1,waw
145.224.111.0/24,wrswpol1,waw
145.224.112.0/24,lndngbr1,lhr
145.224.113.0/24,lndngbr1,lhr
145.224.114.0/24,mdrdesp1,mad
145.224.115.0/24,mdrdesp1,mad
145.224.118.0/24,sfiabgr1,sof
145.224.119.0/24,sfiabgr1,sof
145.224.120.0/24,msctomn1,mct
145.224.121.0/24,msctomn1,mct
148.222.128.0/24,splobra1,gru
148.222.129.0/24,splobra1,gru
148.222.132.0/24,qrtomex1,qro
148.222.133.0/24,qrtomex1,qro
148.222.134.0/24,limaper1,lim
148.222.135.0/24,limaper1,lim
148.222.192.0/24,splobra1,gru
148.222.193.0/24,splobra1,gru
148.222.194.0/24,bnssarg1,eze
148.222.195.0/24,bnssarg1,eze
148.222.198.0/24,bgtacol1,bog
148.222.199.0/24,bgtacol1,bog
148.222.202.0/24,splobra1,gru
148.222.203.0/24,splobra1,gru
148.222.204.0/24,sntochl1,scl
148.222.205.0/24,sntochl1,scl
148.222.206.0/24,splobra1,gru
148.222.207.0/24,splobra1,gru
148.222.208.0/24,frtabra1,for
148.222.209.0/24,frtabra1,for
148.222.210.0/24,splobra1,gru
148.222.211.0/24,splobra1,gru
148.222.212.0/24,bnssarg1,eze
148.222.213.0/24,bnssarg1,eze
148.222.214.0/24,sntochl1,scl
148.222.215.0/24,sntochl1,scl
148.222.218.0/24,sntochl1,scl
148.222.219.0/24,sntochl1,scl
148.222.222.0/24,bnssarg1,eze
148.222.223.0/24,bnssarg1,eze
148.227.64.0/24,sntochl1,scl
148.227.65.0/24,sntochl1,scl
148.227.66.0/24,sntochl1,scl
148.227.67.0/24,sntochl1,scl
148.227.68.0/24,bnssarg1,eze
148.227.69.0/24,bnssarg1,eze
148.227.70.0/24,splobra1,gru
148.227.71.0/24,splobra1,gru
148.227.72.0/24,splobra1,gru
148.227.73.0/24,splobra1,gru
148.227.74.0/24,bnssarg1,eze
148.227.75.0/24,bnssarg1,eze
148.227.76.0/24,limaper1,lim
148.227.77.0/24,limaper1,lim
148.227.78.0/24,frtabra1,for
148.227.79.0/24,frtabra1,for
148.227.80.0/24,bgtacol1,bog
148.227.81.0/24,bgtacol1,bog
148.227.82.0/24,brsabra1,bsb
148.227.83.0/24,brsabra1,bsb
148.227.84.0/24,splobra1,gru
148.227.85.0/24,splobra1,gru
148.227.86.0/24,splobra1,gru
148.227.87.0/24,splobra1,gru
148.227.88.0/24,brsabra1,bsb
148.227.89.0/24,brsabra1,bsb
148.227.90.0/24,brsabra1,bsb
148.227.91.0/24,brsabra1,bsb
148.227.92.0/24,limaper1,lim
148.227.93.0/24,limaper1,lim
148.227.94.0/24,frtabra1,for
148.227.95.0/24,frtabra1,for
148.227.96.0/24,sntochl1,scl
148.227.97.0/24,sntochl1,scl
148.227.98.0/24,sntochl1,scl
148.227.99.0/24,sntochl1,scl
148.227.100.0/24,bgtacol1,bog
148.227.101.0/24,bgtacol1,bog
148.227.102.0/24,frtabra1,for
148.227.103.0/24,frtabra1,for
148.227.104.0/24,bnssarg1,eze
148.227.105.0/24,bnssarg1,eze
148.227.106.0/24,bgtacol1,bog
148.227.107.0/24,bgtacol1,bog
148.227.108.0/24,frtabra1,for
148.227.109.0/24,frtabra1,for
148.227.112.0/24,bgtacol1,bog
148.227.113.0/24,bgtacol1,bog
148.227.114.0/24,sntochl1,scl
148.227.115.0/24,sntochl1,scl
148.227.116.0/24,bnssarg1,eze
148.227.117.0/24,bnssarg1,eze
148.227.118.0/24,sntochl1,scl
148.227.119.0/24,sntochl1,scl
148.227.120.0/24,bnssarg1,eze
148.227.121.0/24,bnssarg1,eze
148.227.122.0/24,brsabra1,bsb
148.227.123.0/24,brsabra1,bsb
148.227.124.0/24,brsabra1,bsb
148.227.125.0/24,brsabra1,bsb
148.227.126.0/24,splobra1,gru
148.227.127.0/24,splobra1,gru
149.19.164.0/24,splobra1,gru
149.19.165.0/24,splobra1,gru
149.19.166.0/24,splobra1,gru
149.19.167.0/24,splobra1,gru
149.19.169.0/24,qrtomex1,qro
149.19.172.0/24,splobra1,gru
149.19.173.0/24,splobra1,gru
149.19.174.0/24,brsabra1,bsb
149.19.175.0/24,brsabra1,bsb
150.228.0.0/24,wrswpol1,waw
150.228.1.0/24,wrswpol1,waw
150.228.2.0/24,sfiabgr1,sof
150.228.3.0/24,sfiabgr1,sof
150.228.4.0/24,wrswpol1,waw
150.228.5.0/24,wrswpol1,waw
150.228.6.0/24,lndngbr1,lhr
150.228.7.0/24,lndngbr1,lhr
150.228.8.0/24,lndngbr1,lhr
150.228.9.0/24,lndngbr1,lhr
150.228.10.0/24,frntdeu1,fra
150.228.11.0/24,frntdeu1,fra
150.228.12.0/24,frntdeu1,fra
150.228.13.0/24,frntdeu1,fra
150.228.14.0/24,mlnnita1,mxp
150.228.15.0/24,mlnnita1,mxp
150.228.16.0/24,sfiabgr1,sof
150.228.17.0/24,sfiabgr1,sof
150.228.18.0/24,mdrdesp1,mad
150.228.19.0/24,mdrdesp1,mad
150.228.20.0/24,lndngbr1,lhr
150.228.21.0/24,lndngbr1,lhr
150.228.22.0/24,frntdeu1,fra
150.228.23.0/24,frntdeu1,fra
150.228.24.0/24,mlnnita1,mxp
150.228.25.0/24,mlnnita1,mxp
150.228.28.0/24,wrswpol1,waw
150.228.29.0/24,wrswpol1,waw
150.228.30.0/24,wrswpol1,waw
150.228.31.0/24,wrswpol1,waw
150.228.32.0/24,wrswpol1,waw
150.228.33.0/24,wrswpol1,waw
150.228.34.0/24,wrswpol1,waw
150.228.35.0/24,wrswpol1,waw
150.228.36.0/24,lndngbr1,lhr
150.228.37.0/24,lndngbr1,lhr
150.228.38.0/24,lndngbr1,lhr
150.228.39.0/24,lndngbr1,lhr
150.228.40.0/24,sfiabgr1,sof
150.228.41.0/24,sfiabgr1,sof
150.228.42.0/24,sfiabgr1,sof
150.228.43.0/24,sfiabgr1,sof
150.228.44.0/24,sfiabgr1,sof
150.228.45.0/24,sfiabgr1,sof
150.228.46.0/24,sfiabgr1,sof
150.228.47.0/24,sfiabgr1,sof
150.228.48.0/24,sfiabgr1,sof
150.228.49.0/24,sfiabgr1,sof
150.228.50.0/24,sfiabgr1,sof
150.228.51.0/24,sfiabgr1,sof
150.228.52.0/24,sfiabgr1,sof
150.228.53.0/24,sfiabgr1,sof
150.228.54.0/24,sfiabgr1,sof
150.228.55.0/24,sfiabgr1,sof
150.228.56.0/24,sfiabgr1,sof
150.228.57.0/24,sfiabgr1,sof
150.228.58.0/24,sfiabgr1,sof
150.228.59.0/24,sfiabgr1,sof
150.228.60.0/24,sfiabgr1,sof
150.228.61.0/24,sfiabgr1,sof
150.228.62.0/24,sfiabgr1,sof
150.228.63.0/24,sfiabgr1,sof
150.228.64.0/24,frntdeu1,fra
150.228.65.0/24,frntdeu1,fra
150.228.66.0/24,sfiabgr1,sof
150.228.67.0/24,sfiabgr1,sof
150.228.68.0/24,sfiabgr1,sof
150.228.69.0/24,sfiabgr1,sof
150.228.70.0/24,mdrdesp1,mad
150.228.71.0/24,mdrdesp1,mad
150.228.72.0/24,mlnnita1,mxp
150.228.73.0/24,mlnnita1,mxp
150.228.74.0/24,sfiabgr1,sof
150.228.75.0/24,sfiabgr1,sof
150.228.76.0/24,mdrdesp1,mad
150.228.77.0/24,mdrdesp1,mad
150.228.78.0/24,dohaqat1,doh
150.228.79.0/24,dohaqat1,doh
150.228.80.0/24,dohaqat1,doh
150.228.81.0/24,dohaqat1,doh
150.228.82.0/24,mdrdesp1,mad
150.228.83.0/24,mdrdesp1,mad
150.228.84.0/24,mdrdesp1,mad
150.228.85.0/24,mdrdesp1,mad
150.228.86.0/24,frntdeu1,fra
150.228.87.0/24,frntdeu1,fra
150.228.88.0/24,dohaqat1,doh
150.228.89.0/24,dohaqat1,doh
150.228.90.0/24,wrswpol1,waw
150.228.91.0/24,wrswpol1,waw
150.228.92.0/24,mlnnita1,mxp
150.228.93.0/24,mlnnita1,mxp
150.228.94.0/24,frntdeu1,fra
150.228.95.0/24,frntdeu1,fra
150.228.96.0/24,lgosnga1,los
150.228.97.0/24,lgosnga1,los
150.228.98.0/24,mdrdesp1,mad
150.228.99.0/24,mdrdesp1,mad
150.228.100.0/24,mdrdesp1,mad
150.228.101.0/24,mdrdesp1,mad
150.228.102.0/24,lndngbr1,lhr
150.228.103.0/24,lndngbr1,lhr
150.228.104.0/24,sfiabgr1,sof
150.228.105.0/24,sfiabgr1,sof
150.228.106.0/24,sfiabgr1,sof
150.228.107.0/24,sfiabgr1,sof
150.228.108.0/24,sfiabgr1,sof
150.228.109.0/24,sfiabgr1,sof
150.228.110.0/24,sfiabgr1,sof
150.228.111.0/24,sfiabgr1,sof
150.228.112.0/24,wrswpol1,waw
150.228.113.0/24,wrswpol1,waw
150.228.114.0/24,lndngbr1,lhr
150.228.115.0/24,lndngbr1,lhr
150.228.116.0/24,frntdeu1,fra
150.228.117.0/24,frntdeu1,fra
150.228.118.0/24,lndngbr1,lhr
150.228.119.0/24,lndngbr1,lhr
150.228.120.0/24,frntdeu1,fra
150.228.121.0/24,frntdeu1,fra
150.228.122.0/24,wrswpol1,waw
150.228.123.0/24,wrswpol1,waw
150.228.128.0/24,mmbiind1,bom
150.228.129.0/24,mmbiind1,bom
150.228.130.0/24,mmbiind1,bom
150.228.131.0/24,mmbiind1,bom
150.228.132.0/24,mmbiind1,bom
150.228.133.0/24,mmbiind1,bom
150.228.134.0/24,dhkabgd1,dac
150.228.135.0/24,dhkabgd1,dac
150.228.136.0/24,sngesgp1,sin
150.228.137.0/24,sngesgp1,sin
150.228.138.0/24,mnlaphl1,mnl
150.228.139.0/24,mnlaphl1,mnl
150.228.140.0/24,brseaus1,bne
150.228.141.0/24,brseaus1,bne
150.228.142.0/24,brseaus1,bne
150.228.143.0/24,brseaus1,bne
150.228.144.0/24,mnlaphl1,mnl
150.228.146.0/24,tkyojpn1,nrt
150.228.147.0/24,tkyojpn1,nrt
150.228.148.0/24,sngesgp1,sin
150.228.149.0/24,sngesgp1,sin
150.228.150.0/24,mlbeaus1,mel
150.228.151.0/24,mlbeaus1,mel
150.228.152.0/24,prthaus1,per
150.228.153.0/24,prthaus1,per
150.228.154.0/24,acklnzl1,akl
150.228.155.0/24,acklnzl1,akl
150.228.156.0/24,mnlaphl1,mnl
150.228.157.0/24,mnlaphl1,mnl
150.228.158.0/24,tkyojpn1,nrt
150.228.159.0/24,tkyojpn1,nrt
150.228.162.0/24,mlbeaus1,mel
150.228.163.0/24,mlbeaus1,mel
150.228.164.0/24,mmbiind1,bom
150.228.165.0/24,mmbiind1,bom
150.228.166.0/24,mmbiind1,bom
150.228.167.0/24,mmbiind1,bom
150.228.168.0/24,brseaus1,bne
150.228.169.0/24,brseaus1,bne
150.228.170.0/24,sngesgp1,sin
150.228.171.0/24,sngesgp1,sin
150.228.172.0/24,sydyaus1,syd
150.228.173.0/24,sydyaus1,syd
150.228.174.0/24,tkyojpn1,nrt
150.228.175.0/24,tkyojpn1,nrt
150.228.176.0/24,tkyojpn1,nrt
150.228.177.0/24,tkyojpn1,nrt
150.228.178.0/24,sngesgp1,sin
150.228.179.0/24,sngesgp1,sin
150.228.180.0/24,sydyaus1,syd
150.228.181.0/24,sydyaus1,syd
150.228.182.0/24,mnlaphl1,mnl
150.228.183.0/24,mnlaphl1,mnl
150.228.184.0/24,sydyaus1,syd
150.228.185.0/24,sydyaus1,syd
150.228.186.0/24,mnlaphl1,mnl
150.228.187.0/24,mnlaphl1,mnl
150.228.188.0/24,mnlaphl1,mnl
150.228.189.0/24,mnlaphl1,mnl
150.228.190.0/24,chrhnzl1,chc
150.228.191.0/24,chrhnzl1,chc
150.228.192.0/24,sngesgp1,sin
150.228.193.0/24,sngesgp1,sin
150.228.194.0/24,sngesgp1,sin
150.228.195.0/24,sngesgp1,sin
150.228.196.0/24,sydyaus1,syd
150.228.197.0/24,sydyaus1,syd
150.228.198.0/24,brseaus1,bne
150.228.199.0/24,brseaus1,bne
150.228.200.0/24,prthaus1,per
150.228.201.0/24,prthaus1,per
150.228.202.0/24,prthaus1,per
150.228.203.0/24,prthaus1,per
150.228.204.0/24,tkyojpn1,nrt
150.228.205.0/24,tkyojpn1,nrt
150.228.206.0/24,sfiabgr1,sof
150.228.207.0/24,sfiabgr1,sof
150.228.208.0/24,mnlaphl1,mnl
150.228.209.0/24,mnlaphl1,mnl
150.228.210.0/24,sngesgp1,sin
150.228.211.0/24,sngesgp1,sin
150.228.214.0/24,sydyaus1,syd
150.228.215.0/24,sydyaus1,syd
150.228.216.0/24,sydyaus1,syd
150.228.217.0/24,sydyaus1,syd
150.228.218.0/24,almykaz1,ala
150.228.219.0/24,almykaz1,ala
150.228.220.0/24,almykaz1,ala
150.228.221.0/24,almykaz1,ala
150.228.222.0/24,almykaz1,ala
150.228.223.0/24,almykaz1,ala
150.228.224.0/24,mnlaphl1,mnl
150.228.225.0/24,mnlaphl1,mnl
150.228.226.0/24,mlbeaus1,mel
150.228.227.0/24,mlbeaus1,mel
150.228.228.0/24,acklnzl1,akl
150.228.229.0/24,acklnzl1,akl
150.228.230.0/24,mlbeaus1,mel
150.228.231.0/24,mlbeaus1,mel
150.228.244.0/24,sydyaus1,syd
150.228.245.0/24,sydyaus1,syd
150.228.246.0/24,mmbiind1,bom
150.228.247.0/24,mmbiind1,bom
153.66.0.0/24,sttlwax1,sea
153.66.1.0/24,sttlwax1,sea
153.66.2.0/24,sttlwax1,sea
153.66.3.0/24,sttlwax1,sea
153.66.4.0/24,sttlwax1,sea
153.66.5.0/24,sttlwax1,sea
153.66.6.0/24,sttlwax1,sea
153.66.7.0/24,sttlwax1,sea
153.66.8.0/24,sttlwax1,sea
153.66.9.0/24,sttlwax1,sea
153.66.10.0/24,sttlwax1,sea
153.66.11.0/24,sttlwax1,sea
153.66.12.0/24,lsancax1,lax
153.66.13.0/24,lsancax1,lax
153.66.14.0/24,snjecax1,sjc
153.66.15.0/24,snjecax1,sjc
153.66.16.0/24,snjecax1,sjc
153.66.17.0/24,snjecax1,sjc
153.66.18.0/24,tmpeazx1,phx
153.66.19.0/24,tmpeazx1,phx
153.66.20.0/24,tmpeazx1,phx
153.66.21.0/24,tmpeazx1,phx
153.66.22.0/24,tmpeazx1,phx
153.66.23.0/24,tmpeazx1,phx
153.66.24.0/24,tmpeazx1,phx
153.66.25.0/24,tmpeazx1,phx
153.66.26.0/24,tmpeazx1,phx
153.66.27.0/24,tmpeazx1,phx
153.66.28.0/24,tmpeazx1,phx
153.66.29.0/24,tmpeazx1,phx
153.66.30.0/24,sltyutx1,pvu
153.66.31.0/24,sltyutx1,pvu
153.66.32.0/24,sltyutx1,pvu
153.66.33.0/24,sltyutx1,pvu
153.66.34.0/24,sltyutx1,pvu
153.66.35.0/24,sltyutx1,pvu
153.66.36.0/24,sltyutx1,pvu
153.66.37.0/24,sltyutx1,pvu
153.66.38.0/24,sltyutx1,pvu
153.66.39.0/24,sltyutx1,pvu
153.66.40.0/24,dnvrcox1,den
153.66.41.0/24,dnvrcox1,den
153.66.42.0/24,dnvrcox1,den
153.66.43.0/24,dnvrcox1,den
153.66.44.0/24,dnvrcox1,den
153.66.45.0/24,dnvrcox1,den
153.66.46.0/24,dnvrcox1,den
153.66.47.0/24,dnvrcox1,den
153.66.48.0/24,dnvrcox1,den
153.66.49.0/24,dnvrcox1,den
153.66.50.0/24,dnvrcox1,den
153.66.51.0/24,dnvrcox1,den
153.66.52.0/24,mplsmnx1,msp
153.66.53.0/24,mplsmnx1,msp
153.66.54.0/24,mplsmnx1,msp
153.66.55.0/24,mplsmnx1,msp
153.66.56.0/24,mplsmnx1,msp
153.66.57.0/24,mplsmnx1,msp
153.66.58.0/24,mplsmnx1,msp
153.66.59.0/24,mplsmnx1,msp
153.66.60.0/24,knsymox1,mci
153.66.61.0/24,knsymox1,mci
153.66.62.0/24,knsymox1,mci
153.66.63.0/24,knsymox1,mci
153.66.64.0/24,knsymox1,mci
153.66.65.0/24,knsymox1,mci
153.66.66.0/24,knsymox1,mci
153.66.67.0/24,knsymox1,mci
153.66.68.0/24,knsymox1,mci
153.66.69.0/24,knsymox1,mci
153.66.70.0/24,knsymox1,mci
153.66.71.0/24,knsymox1,mci
153.66.72.0/24,knsymox1,mci
153.66.73.0/24,knsymox1,mci
153.66.74.0/24,knsymox1,mci
153.66.75.0/24,knsymox1,mci
153.66.76.0/24,knsymox1,mci
153.66.77.0/24,knsymox1,mci
153.66.78.0/24,mplsmnx1,msp
153.66.79.0/24,mplsmnx1,msp
153.66.80.0/24,atlagax1,atl
153.66.81.0/24,atlagax1,atl
153.66.82.0/24,atlagax1,atl
153.66.83.0/24,atlagax1,atl
153.66.84.0/24,atlagax1,atl
153.66.85.0/24,atlagax1,atl
153.66.86.0/24,atlagax1,atl
153.66.87.0/24,atlagax1,atl
153.66.88.0/24,atlagax1,atl
153.66.89.0/24,atlagax1,atl
153.66.90.0/24,atlagax1,atl
153.66.91.0/24,atlagax1,atl
153.66.92.0/24,atlagax1,atl
153.66.93.0/24,atlagax1,atl
153.66.94.0/24,atlagax1,atl
153.66.95.0/24,atlagax1,atl
153.66.96.0/24,atlagax1,atl
153.66.97.0/24,atlagax1,atl
153.66.98.0/24,atlagax1,atl
153.66.99.0/24,atlagax1,atl
153.66.100.0/24,atlagax1,atl
153.66.101.0/24,atlagax1,atl
153.66.102.0/24,atlagax1,atl
153.66.103.0/24,atlagax1,atl
153.66.104.0/24,atlagax1,atl
153.66.105.0/24,atlagax1,atl
153.66.106.0/24,atlagax1,atl
153.66.107.0/24,atlagax1,atl
153.66.108.0/24,atlagax1,atl
153.66.109.0/24,atlagax1,atl
153.66.110.0/24,atlagax1,atl
153.66.111.0/24,atlagax1,atl
153.66.112.0/24,atlagax1,atl
153.66.113.0/24,atlagax1,atl
153.66.114.0/24,atlagax1,atl
153.66.115.0/24,atlagax1,atl
153.66.116.0/24,ashnvax2,iad
153.66.117.0/24,ashnvax2,iad
153.66.118.0/24,ashnvax2,iad
153.66.119.0/24,ashnvax2,iad
153.66.120.0/24,ashnvax2,iad
153.66.121.0/24,ashnvax2,iad
153.66.122.0/24,ashnvax2,iad
153.66.123.0/24,ashnvax2,iad
153.66.124.0/24,ashnvax2,iad
153.66.125.0/24,ashnvax2,iad
153.66.126.0/24,ashnvax2,iad
153.66.127.0/24,ashnvax2,iad
153.66.128.0/24,ashnvax2,iad
153.66.129.0/24,ashnvax2,iad
153.66.130.0/24,ashnvax2,iad
153.66.131.0/24,ashnvax2,iad
153.66.132.0/24,ashnvax2,iad
153.66.133.0/24,ashnvax2,iad
153.66.134.0/24,ashnvax2,iad
153.66.135.0/24,ashnvax2,iad
153.66.136.0/24,ashnvax2,iad
153.66.137.0/24,ashnvax2,iad
153.66.138.0/24,ashnvax2,iad
153.66.139.0/24,ashnvax2,iad
153.66.140.0/24,ashnvax2,iad
153.66.141.0/24,ashnvax2,iad
153.66.142.0/24,ashnvax2,iad
153.66.143.0/24,ashnvax2,iad
153.66.144.0/24,ashnvax2,iad
153.66.145.0/24,ashnvax2,iad
153.66.146.0/24,ashnvax2,iad
153.66.147.0/24,ashnvax2,iad
153.66.148.0/24,ashnvax2,iad
153.66.149.0/24,ashnvax2,iad
153.66.150.0/24,nwyynyx1,lga
153.66.151.0/24,nwyynyx1,lga
153.66.152.0/24,nwyynyx1,lga
153.66.153.0/24,nwyynyx1,lga
153.66.154.0/24,nwyynyx1,lga
153.66.155.0/24,nwyynyx1,lga
153.66.156.0/24,nwyynyx1,lga
153.66.157.0/24,nwyynyx1,lga
153.66.158.0/24,nwyynyx1,lga
153.66.159.0/24,nwyynyx1,lga
153.66.160.0/24,nwyynyx1,lga
153.66.161.0/24,nwyynyx1,lga
153.66.162.0/24,nwyynyx1,lga
153.66.163.0/24,nwyynyx1,lga
153.66.164.0/24,nwyynyx1,lga
153.66.165.0/24,nwyynyx1,lga
153.66.166.0/24,nwyynyx1,lga
153.66.167.0/24,nwyynyx1,lga
153.66.168.0/24,nwyynyx1,lga
153.66.169.0/24,nwyynyx1,lga
153.66.170.0/24,nwyynyx1,lga
153.66.171.0/24,nwyynyx1,lga
153.66.172.0/24,nwyynyx1,lga
153.66.173.0/24,nwyynyx1,lga
153.66.174.0/24,nwyynyx1,lga
153.66.175.0/24,nwyynyx1,lga
153.66.176.0/24,chcoilx1,ord
153.66.177.0/24,chcoilx1,ord
153.66.178.0/24,chcoilx1,ord
153.66.179.0/24,chcoilx1,ord
153.66.180.0/24,chcoilx1,ord
153.66.181.0/24,chcoilx1,ord
153.66.182.0/24,chcoilx1,ord
153.66.183.0/24,chcoilx1,ord
153.66.184.0/24,chcoilx1,ord
153.66.185.0/24,chcoilx1,ord
153.66.186.0/24,chcoilx1,ord
153.66.187.0/24,chcoilx1,ord
153.66.188.0/24,chcoilx1,ord
153.66.189.0/24,chcoilx1,ord
153.66.190.0/24,chcoilx1,ord
153.66.191.0/24,chcoilx1,ord
153.66.192.0/24,chcoilx1,ord
153.66.193.0/24,chcoilx1,ord
153.66.194.0/24,chcoilx1,ord
153.66.195.0/24,chcoilx1,ord
153.66.196.0/24,chcoilx1,ord
153.66.197.0/24,chcoilx1,ord
153.66.198.0/24,chcoilx1,ord
153.66.199.0/24,chcoilx1,ord
153.66.200.0/24,chcoilx1,ord
153.66.201.0/24,chcoilx1,ord
153.66.202.0/24,chcoilx1,ord
153.66.203.0/24,chcoilx1,ord
153.66.204.0/24,chcoilx1,ord
153.66.205.0/24,chcoilx1,ord
153.66.206.0/24,chcoilx1,ord
153.66.207.0/24,chcoilx1,ord
153.66.208.0/24,chcoilx1,ord
153.66.209.0/24,chcoilx1,ord
153.66.210.0/24,chcoilx1,ord
153.66.211.0/24,chcoilx1,ord
153.66.212.0/24,chcoilx1,ord
153.66.214.0/24,chcoilx1,ord
153.66.215.0/24,chcoilx1,ord
153.66.216.0/24,chcoilx1,ord
153.66.217.0/24,chcoilx1,ord
153.66.218.0/24,dllstxx1,dfw
153.66.219.0/24,dllstxx1,dfw
153.66.220.0/24,dllstxx1,dfw
153.66.221.0/24,dllstxx1,dfw
153.66.222.0/24,dllstxx1,dfw
153.66.223.0/24,dllstxx1,dfw
153.66.224.0/24,dllstxx1,dfw
153.66.225.0/24,dllstxx1,dfw
153.66.226.0/24,dllstxx1,dfw
153.66.227.0/24,dllstxx1,dfw
153.66.228.0/24,dllstxx1,dfw
153.66.229.0/24,dllstxx1,dfw
153.66.230.0/24,dllstxx1,dfw
153.66.231.0/24,dllstxx1,dfw
153.66.232.0/24,dllstxx1,dfw
153.66.233.0/24,dllstxx1,dfw
153.66.234.0/24,dllstxx1,dfw
153.66.235.0/24,dllstxx1,dfw
153.66.236.0/24,dllstxx1,dfw
153.66.237.0/24,dllstxx1,dfw
153.66.238.0/24,dllstxx1,dfw
153.66.239.0/24,dllstxx1,dfw
153.66.240.0/24,dllstxx1,dfw
153.66.241.0/24,dllstxx1,dfw
153.66.242.0/24,dllstxx1,dfw
153.66.244.0/24,chcoilx1,ord
153.66.245.0/24,chcoilx1,ord
153.66.246.0/24,sttlwax1,sea
153.66.247.0/24,sttlwax1,sea
153.67.4.0/24,frtabra1,for
153.67.5.0/24,frtabra1,for
153.67.6.0/24,bnssarg1,eze
153.67.7.0/24,bnssarg1,eze
153.67.8.0/24,sntochl1,scl
153.67.9.0/24,sntochl1,scl
153.67.10.0/24,sntochl1,scl
153.67.11.0/24,sntochl1,scl
153.67.12.0/24,bnssarg1,eze
153.67.13.0/24,bnssarg1,eze
153.67.14.0/24,bnssarg1,eze
153.67.15.0/24,bnssarg1,eze
153.67.16.0/24,lsancax1,lax
153.67.17.0/24,lsancax1,lax
153.67.18.0/24,lsancax1,lax
153.67.19.0/24,lsancax1,lax
153.67.20.0/24,bgtacol1,bog
153.67.21.0/24,bgtacol1,bog
153.67.22.0/24,bgtacol1,bog
153.67.23.0/24,bgtacol1,bog
153.67.24.0/24,splobra1,gru
153.67.25.0/24,splobra1,gru
153.67.26.0/24,sntochl1,scl
153.67.27.0/24,sntochl1,scl
153.67.28.0/24,limaper1,lim
153.67.29.0/24,limaper1,lim
153.67.30.0/24,mnlaphl1,mnl
153.67.31.0/24,mnlaphl1,mnl
153.67.32.0/24,limaper1,lim
153.67.33.0/24,limaper1,lim
153.67.34.0/24,lgosnga1,los
153.67.35.0/24,lgosnga1,los
153.67.36.0/24,gtmygtm1,gua
153.67.37.0/24,gtmygtm1,gua
153.67.54.0/24,mmmiflx1,mia
153.67.55.0/24,mmmiflx1,mia
153.67.56.0/24,nrbiken1,nbo
153.67.57.0/24,nrbiken1,nbo
153.67.58.0/24,lgosnga1,los
153.67.59.0/24,lgosnga1,los
153.67.60.0/24,mdrdesp1,mad
153.67.61.0/24,mdrdesp1,mad
153.67.62.0/24,mdrdesp1,mad
153.67.63.0/24,mdrdesp1,mad
153.67.64.0/24,mdrdesp1,mad
153.67.65.0/24,mdrdesp1,mad
153.67.66.0/24,lgosnga1,los
153.67.67.0/24,lgosnga1,los
153.67.68.0/24,mdrdesp1,mad
153.67.69.0/24,mdrdesp1,mad
153.67.70.0/24,lgosnga1,los
153.67.71.0/24,lgosnga1,los
153.67.72.0/24,lgosnga1,los
153.67.73.0/24,lgosnga1,los
153.67.74.0/24,nrbiken1,nbo
153.67.75.0/24,nrbiken1,nbo
153.67.76.0/24,nrbiken1,nbo
153.67.77.0/24,nrbiken1,nbo
153.67.78.0/24,nrbiken1,nbo
153.67.79.0/24,nrbiken1,nbo
153.67.80.0/24,sfiabgr1,sof
153.67.81.0/24,sfiabgr1,sof
153.67.82.0/24,jhngzaf1,jnb
153.67.83.0/24,jhngzaf1,jnb
153.67.84.0/24,jhngzaf1,jnb
153.67.85.0/24,jhngzaf1,jnb
153.67.86.0/24,mmmiflx1,mia
153.67.87.0/24,mmmiflx1,mia
153.67.88.0/24,nrbiken1,nbo
153.67.89.0/24,nrbiken1,nbo
153.67.90.0/24,nrbiken1,nbo
153.67.91.0/24,nrbiken1,nbo
153.67.92.0/24,nrbiken1,nbo
153.67.93.0/24,nrbiken1,nbo
153.67.94.0/24,jhngzaf1,jnb
153.67.95.0/24,jhngzaf1,jnb
153.67.96.0/24,mmmiflx1,mia
153.67.97.0/24,mmmiflx1,mia
153.67.98.0/24,nrbiken1,nbo
153.67.99.0/24,nrbiken1,nbo
153.67.100.0/24,mmmiflx1,mia
153.67.101.0/24,mmmiflx1,mia
153.67.102.0/24,bnssarg1,eze
153.67.103.0/24,bnssarg1,eze
153.67.104.0/24,splobra1,gru
153.67.105.0/24,splobra1,gru
153.67.106.0/24,splobra1,gru
153.67.107.0/24,splobra1,gru
153.67.108.0/24,frtabra1,for
153.67.109.0/24,frtabra1,for
153.67.110.0/24,brsabra1,bsb
153.67.111.0/24,brsabra1,bsb
162.43.192.0/24,lgosnga1,los
162.43.193.0/24,lgosnga1,los
162.43.194.0/24,lndngbr1,lhr
162.43.195.0/24,lndngbr1,lhr
168.140.240.0/24,sngesgp1,sin
168.140.241.0/24,sngesgp1,sin
168.140.242.0/24,sydyaus1,syd
168.140.243.0/24,sydyaus1,syd
168.140.244.0/24,prthaus1,per
168.140.245.0/24,prthaus1,per
168.140.246.0/24,mnlaphl1,mnl
168.140.247.0/24,mnlaphl1,mnl
168.140.248.0/24,sydyaus1,syd
168.140.249.0/24,sydyaus1,syd
168.140.250.0/24,tkyojpn1,nrt
168.140.251.0/24,tkyojpn1,nrt
168.140.252.0/24,brseaus1,bne
168.140.253.0/24,brseaus1,bne
168.140.254.0/24,brseaus1,bne
168.140.255.0/24,brseaus1,bne
169.155.224.0/24,frntdeu1,fra
169.155.225.0/24,frntdeu1,fra
169.155.226.0/24,frntdeu1,fra
169.155.227.0/24,frntdeu1,fra
169.155.228.0/24,frntdeu1,fra
169.155.229.0/24,frntdeu1,fra
169.155.230.0/24,frntdeu1,fra
169.155.231.0/24,frntdeu1,fra
169.155.234.0/24,mdrdesp1,mad
169.155.235.0/24,mdrdesp1,mad
169.155.236.0/24,mdrdesp1,mad
169.155.237.0/24,mdrdesp1,mad
169.155.238.0/24,lndngbr1,lhr
169.155.239.0/24,lndngbr1,lhr
169.155.240.0/24,frntdeu1,fra
169.155.241.0/24,frntdeu1,fra
169.155.244.0/24,lndngbr1,lhr
169.155.245.0/24,lndngbr1,lhr
169.155.246.0/24,lndngbr1,lhr
169.155.247.0/24,lndngbr1,lhr
169.155.248.0/24,mdrdesp1,mad
169.155.249.0/24,mdrdesp1,mad
169.155.250.0/24,mdrdesp1,mad
169.155.251.0/24,mdrdesp1,mad
169.155.252.0/24,lndngbr1,lhr
169.155.253.0/24,lndngbr1,lhr
169.155.254.0/24,lndngbr1,lhr
169.155.255.0/24,lndngbr1,lhr
170.203.192.0/24,qrtomex1,qro
170.203.193.0/24,qrtomex1,qro
170.203.196.0/24,frtabra1,for
170.203.197.0/24,frtabra1,for
170.203.200.0/24,sttlwax1,sea
170.203.201.0/24,sttlwax1,sea
170.203.202.0/24,sttlwax1,sea
170.203.203.0/24,sttlwax1,sea
170.203.204.0/24,sttlwax1,sea
170.203.205.0/24,sttlwax1,sea
170.203.206.0/24,sttlwax1,sea
170.203.207.0/24,sttlwax1,sea
170.203.208.0/24,clgycan1,yyc
170.203.209.0/24,clgycan1,yyc
170.203.210.0/24,clgycan1,yyc
170.203.211.0/24,clgycan1,yyc
170.203.212.0/24,ashnvax2,iad
170.203.213.0/24,ashnvax2,iad
170.203.214.0/24,ashnvax2,iad
170.203.215.0/24,ashnvax2,iad
170.203.216.0/24,sttlwax1,sea
170.203.217.0/24,sttlwax1,sea
170.203.218.0/24,clgycan1,yyc
170.203.219.0/24,clgycan1,yyc
170.203.220.0/24,clgycan1,yyc
170.203.221.0/24,clgycan1,yyc
173.250.192.0/24,lsancax1,lax
176.116.124.0/24,mdrdesp1,mad
176.116.125.0/24,mdrdesp1,mad
179.60.168.0/24,frtabra1,for
179.60.169.0/24,frtabra1,for
179.60.170.0/24,frtabra1,for
179.60.171.0/24,frtabra1,for
179.60.172.0/24,limaper1,lim
179.60.173.0/24,limaper1,lim
188.92.252.0/24,mdrdesp1,mad
188.92.253.0/24,mdrdesp1,mad
192.31.242.0/24,lsancax1,lax
199.164.147.0/24,ashnvax2,iad
200.189.16.0/24,bgtacol1,bog
200.189.17.0/24,bgtacol1,bog
200.189.20.0/24,limaper1,lim
200.189.21.0/24,limaper1,lim
200.189.22.0/24,brsabra1,bsb
200.189.23.0/24,brsabra1,bsb
200.189.24.0/24,splobra1,gru
200.189.25.0/24,splobra1,gru
200.189.26.0/24,bgtacol1,bog
200.189.28.0/24,splobra1,gru
200.189.29.0/24,splobra1,gru
200.189.30.0/24,bnssarg1,eze
200.189.31.0/24,bnssarg1,eze
202.65.224.0/24,jtnaidn2,jkt
202.65.225.0/24,jtnaidn2,jkt
202.65.226.0/24,jtnaidn2,jkt
202.65.227.0/24,jtnaidn2,jkt
202.65.228.0/24,srbaidn2,sub
202.65.229.0/24,srbaidn2,sub
202.65.230.0/24,srbaidn2,sub
202.65.231.0/24,srbaidn2,sub
202.65.232.0/24,srbaidn2,sub
202.65.233.0/24,srbaidn2,sub
202.65.234.0/24,srbaidn2,sub
202.65.235.0/24,srbaidn2,sub
202.65.238.0/24,jtnaidn2,jkt
202.65.239.0/24,jtnaidn2,jkt
203.17.80.0/24,srbaidn2,sub
203.17.81.0/24,srbaidn2,sub
203.17.82.0/24,srbaidn2,sub
203.17.83.0/24,srbaidn2,sub
203.17.84.0/24,jtnaidn2,jkt
203.17.85.0/24,jtnaidn2,jkt
203.17.86.0/24,jtnaidn2,jkt
203.17.87.0/24,jtnaidn2,jkt
206.83.96.0/24,acklnzl1,akl
206.83.97.0/24,acklnzl1,akl
206.83.98.0/24,acklnzl1,akl
206.83.99.0/24,acklnzl1,akl
206.83.100.0/24,acklnzl1,akl
206.83.101.0/24,acklnzl1,akl
206.83.102.0/24,acklnzl1,akl
206.83.103.0/24,acklnzl1,akl
206.83.112.0/24,sydyaus1,syd
206.83.113.0/24,sydyaus1,syd
206.83.114.0/24,sydyaus1,syd
206.83.115.0/24,sydyaus1,syd
206.83.116.0/24,sydyaus1,syd
206.83.118.0/24,sydyaus1,syd
206.83.119.0/24,sydyaus1,syd
206.83.120.0/24,brseaus1,bne
206.83.121.0/24,brseaus1,bne
206.83.122.0/24,brseaus1,bne
206.83.123.0/24,brseaus1,bne
209.198.128.0/24,lndngbr1,lhr
209.198.129.0/24,lndngbr1,lhr
209.198.136.0/24,mlnnita1,mxp
209.198.137.0/24,mlnnita1,mxp
209.198.138.0/24,sfiabgr1,sof
209.198.139.0/24,sfiabgr1,sof
209.198.140.0/24,frntdeu1,fra
209.198.141.0/24,frntdeu1,fra
209.198.146.0/24,msctomn1,mct
209.198.147.0/24,msctomn1,mct
209.198.152.0/24,frntdeu1,fra
209.198.153.0/24,frntdeu1,fra
209.198.156.0/24,frntdeu1,fra
209.198.157.0/24,frntdeu1,fra
209.198.158.0/24,frntdeu1,fra
209.198.159.0/24,frntdeu1,fra
212.105.128.0/24,lndngbr1,lhr
212.105.129.0/24,lndngbr1,lhr
212.105.130.0/24,wrswpol1,waw
212.105.131.0/24,wrswpol1,waw
212.105.132.0/24,sfiabgr1,sof
212.105.133.0/24,sfiabgr1,sof
212.105.140.0/24,mdrdesp1,mad
212.105.141.0/24,mdrdesp1,mad
212.105.146.0/24,lndngbr1,lhr
212.105.147.0/24,lndngbr1,lhr
212.105.150.0/24,mlnnita1,mxp
212.105.151.0/24,mlnnita1,mxp
212.105.152.0/24,mlnnita1,mxp
212.105.153.0/24,mlnnita1,mxp
212.105.154.0/24,mlnnita1,mxp
212.105.155.0/24,mlnnita1,mxp
212.105.156.0/24,mlnnita1,mxp
212.105.157.0/24,mlnnita1,mxp
216.128.2.0/24,lndngbr1,lhr
216.128.3.0/24,lndngbr1,lhr
216.128.6.0/24,wrswpol1,waw
216.128.7.0/24,wrswpol1,waw
216.128.8.0/24,mlnnita1,mxp
216.128.9.0/24,mlnnita1,mxp
216.128.10.0/24,mlnnita1,mxp
216.128.11.0/24,mlnnita1,mxp
216.128.12.0/24,sfiabgr1,sof
216.128.13.0/24,sfiabgr1,sof
216.128.14.0/24,frntdeu1,fra
216.128.15.0/24,frntdeu1,fra
216.128.18.0/24,mlnnita1,mxp
216.128.19.0/24,mlnnita1,mxp
216.128.20.0/24,frntdeu1,fra
216.128.21.0/24,frntdeu1,fra
216.128.22.0/24,mlnnita1,mxp
216.128.26.0/24,sfiabgr1,sof
216.128.27.0/24,sfiabgr1,sof
216.128.28.0/24,lndngbr1,lhr
216.128.29.0/24,lndngbr1,lhr
216.128.30.0/24,wrswpol1,waw
216.128.31.0/24,wrswpol1,waw
216.147.120.0/24,dnvrcox1,den
216.147.121.0/24,dnvrcox1,den
216.147.122.0/24,dnvrcox1,den
216.147.123.0/24,dnvrcox1,den
216.147.124.0/24,dnvrcox1,den
216.147.125.0/24,dnvrcox1,den
216.147.126.0/24,dnvrcox1,den
216.147.127.0/24,dnvrcox1,den
216.234.192.0/24,clgycan1,yyc
216.234.193.0/24,clgycan1,yyc
216.234.194.0/24,clgycan1,yyc
216.234.195.0/24,clgycan1,yyc
216.234.196.0/24,ashnvax2,iad
216.234.197.0/24,ashnvax2,iad
216.234.198.0/24,snjecax1,sjc
216.234.199.0/24,snjecax1,sjc
216.234.200.0/24,snjecax1,sjc
216.234.201.0/24,snjecax1,sjc
216.234.202.0/24,sltyutx1,pvu
216.234.203.0/24,sltyutx1,pvu
216.234.204.0/24,qrtomex1,qro
216.234.205.0/24,qrtomex1,qro
216.234.206.0/24,ashnvax2,iad
216.234.207.0/24,ashnvax2,iad
216.234.208.0/24,splobra1,gru
216.234.209.0/24,splobra1,gru
216.234.210.0/24,jhngzaf1,jnb
216.234.211.0/24,jhngzaf1,jnb
216.234.212.0/24,jhngzaf1,jnb
216.234.213.0/24,jhngzaf1,jnb
216.234.214.0/24,jhngzaf1,jnb
216.234.215.0/24,jhngzaf1,jnb
216.234.216.0/24,jhngzaf1,jnb
216.234.217.0/24,jhngzaf1,jnb
216.234.222.0/24,gtmygtm1,gua
216.234.223.0/24,gtmygtm1,gua
217.65.136.0/24,mdrdesp1,mad
217.65.137.0/24,mdrdesp1,mad
217.65.138.0/24,mdrdesp1,mad
217.65.139.0/24,mdrdesp1,mad
217.65.140.0/24,lndngbr1,lhr
217.65.141.0/24,lndngbr1,lhr
217.65.142.0/24,frntdeu1,fra
217.65.143.0/24,frntdeu1,fra
217.142.16.0/24,frntdeu1,fra
217.142.17.0/24,frntdeu1,fra
217.142.18.0/24,frntdeu1,fra
217.142.19.0/24,frntdeu1,fra
217.142.20.0/24,lndngbr1,lhr
217.142.21.0/24,lndngbr1,lhr
217.142.28.0/24,lndngbr1,lhr
217.142.29.0/24,lndngbr1,lhr
14.1.91.0/25,tkyojpn1,nrt
14.1.91.128/25,tkyojpn1,nrt
66.9.165.0/25,mmmiflx1,mia
66.9.165.128/25,mmmiflx1,mia
66.9.167.0/25,mmmiflx1,mia
66.9.167.128/25,mmmiflx1,mia
66.9.173.0/25,nrbiken1,nbo
66.9.173.128/25,nrbiken1,nbo
66.9.179.0/25,nrbiken1,nbo
66.9.179.128/25,nrbiken1,nbo
74.244.88.0/25,lgosnga1,los
74.244.88.128/25,lgosnga1,los
87.251.25.0/25,nrbiken1,nbo
87.251.25.128/25,nrbiken1,nbo
91.102.181.0/25,dohaqat1,doh
91.102.181.128/25,dohaqat1,doh
98.97.54.0/25,mmmiflx1,mia
98.97.78.0/25,lgosnga1,los
98.97.78.128/25,lgosnga1,los
98.97.129.0/25,sntochl1,scl
98.97.129.128/25,sntochl1,scl
98.97.130.0/25,bnssarg1,eze
98.97.130.128/25,bnssarg1,eze
98.97.131.0/25,bnssarg1,eze
98.97.131.128/25,bnssarg1,eze
98.97.158.0/25,nrbiken1,nbo
98.97.158.128/25,nrbiken1,nbo
98.97.181.0/25,nrbiken1,nbo
98.97.181.128/25,nrbiken1,nbo
98.97.182.0/25,dohaqat1,doh
98.97.182.128/25,dohaqat1,doh
98.97.183.0/25,nrbiken1,nbo
98.97.183.128/25,nrbiken1,nbo
98.97.190.0/25,dllstxx1,dfw
98.97.190.128/25,dllstxx1,dfw
98.97.191.0/25,sfiabgr1,sof
98.97.191.128/25,sfiabgr1,sof
103.114.116.0/25,jtnaidn2,jkt
103.114.116.128/25,jtnaidn2,jkt
103.184.179.0/25,jtnaidn2,jkt
103.184.179.128/25,jtnaidn2,jkt
103.228.242.0/25,jtnaidn2,jkt
103.228.242.128/25,jtnaidn2,jkt
103.228.243.0/25,jtnaidn2,jkt
103.228.243.128/25,jtnaidn2,jkt
103.235.92.0/25,mnlaphl1,mnl
103.235.92.128/25,mnlaphl1,mnl
103.235.93.0/25,mnlaphl1,mnl
103.235.93.128/25,mnlaphl1,mnl
103.235.94.0/25,mnlaphl1,mnl
103.235.94.128/25,mnlaphl1,mnl
103.235.95.0/25,mnlaphl1,mnl
103.235.95.128/25,mnlaphl1,mnl
116.91.215.0/25,acklnzl1,akl
116.91.215.128/25,acklnzl1,akl
116.91.217.0/25,prthaus1,per
116.91.217.128/25,prthaus1,per
129.222.56.0/25,tmpeazx1,phx
129.222.56.128/25,tmpeazx1,phx
129.222.57.0/25,gtmygtm1,gua
129.222.57.128/25,gtmygtm1,gua
129.222.65.0/25,qrtomex1,qro
129.222.65.128/25,qrtomex1,qro
129.222.66.128/25,acklnzl1,akl
129.222.67.0/25,tmpeazx1,phx
129.222.67.128/25,tmpeazx1,phx
129.222.116.0/25,nrbiken1,nbo
129.222.116.128/25,nrbiken1,nbo
129.222.117.0/25,sfiabgr1,sof
129.222.117.128/25,sfiabgr1,sof
129.222.143.0/25,tmpeazx1,phx
129.222.143.128/25,tmpeazx1,phx
129.222.164.0/25,nrbiken1,nbo
129.222.164.128/25,nrbiken1,nbo
129.222.165.0/25,nrbiken1,nbo
129.222.165.128/25,nrbiken1,nbo
129.222.182.0/25,limaper1,lim
129.222.182.128/25,limaper1,lim
129.222.190.0/25,sfiabgr1,sof
129.222.190.128/25,sfiabgr1,sof
129.224.200.128/25,mmmiflx1,mia
129.224.209.0/25,bgtacol1,bog
129.224.209.128/25,bgtacol1,bog
135.129.114.0/25,sntochl1,scl
135.129.114.128/25,sntochl1,scl
135.129.117.0/25,sltyutx1,pvu
135.129.117.128/25,sltyutx1,pvu
135.129.119.0/25,mmmiflx1,mia
135.129.119.128/25,mmmiflx1,mia
135.129.123.0/25,sltyutx1,pvu
135.129.123.128/25,sltyutx1,pvu
135.129.244.0/25,sttlwax1,sea
135.129.244.128/25,sttlwax1,sea
138.84.38.0/25,limaper1,lim
138.84.38.128/25,limaper1,lim
138.84.40.0/25,bgtacol1,bog
138.84.40.128/25,bgtacol1,bog
138.84.42.0/25,frtabra1,for
138.84.42.128/25,frtabra1,for
138.84.43.0/25,limaper1,lim
138.84.43.128/25,limaper1,lim
138.84.46.0/25,bgtacol1,bog
138.84.49.0/25,bgtacol1,bog
138.84.49.128/25,bgtacol1,bog
138.84.61.0/25,dllstxx1,dfw
143.105.4.0/25,chcoilx1,ord
143.105.4.128/25,chcoilx1,ord
143.105.5.0/25,nrbiken1,nbo
143.105.5.128/25,nrbiken1,nbo
143.105.7.0/25,mntlcan1,yul
143.105.7.128/25,mntlcan1,yul
143.105.34.0/25,mmmiflx1,mia
143.105.34.128/25,mmmiflx1,mia
143.105.44.0/25,mmmiflx1,mia
143.105.44.128/25,mmmiflx1,mia
143.105.64.0/25,mmmiflx1,mia
143.105.64.128/25,mmmiflx1,mia
143.105.66.128/25,gtmygtm1,gua
143.105.67.0/25,bgtacol1,bog
143.105.67.128/25,bgtacol1,bog
143.105.75.0/25,nrbiken1,nbo
143.105.75.128/25,nrbiken1,nbo
143.105.80.0/25,jhngzaf1,jnb
143.105.80.128/25,jhngzaf1,jnb
143.105.81.0/25,mmmiflx1,mia
143.105.81.128/25,mmmiflx1,mia
143.105.113.0/25,jhngzaf1,jnb
143.105.113.128/25,jhngzaf1,jnb
143.105.121.0/25,chcoilx1,ord
143.105.121.128/25,chcoilx1,ord
143.105.146.0/25,bgtacol1,bog
143.105.146.128/25,bgtacol1,bog
145.224.80.0/25,frntdeu1,fra
145.224.80.128/25,frntdeu1,fra
145.224.81.0/25,sfiabgr1,sof
145.224.81.128/25,sfiabgr1,sof
145.224.87.0/25,frntdeu1,fra
145.224.87.128/25,frntdeu1,fra
145.224.92.0/25,lndngbr1,lhr
145.224.94.0/25,wrswpol1,waw
145.224.94.128/25,wrswpol1,waw
145.224.96.0/25,frntdeu1,fra
145.224.96.128/25,frntdeu1,fra
145.224.97.0/25,frntdeu1,fra
145.224.97.128/25,frntdeu1,fra
145.224.98.0/25,frntdeu1,fra
145.224.98.128/25,frntdeu1,fra
145.224.99.0/25,frntdeu1,fra
145.224.99.128/25,frntdeu1,fra
145.224.108.0/25,sfiabgr1,sof
145.224.108.128/25,sfiabgr1,sof
145.224.116.0/25,frntdeu1,fra
145.224.116.128/25,frntdeu1,fra
145.224.117.0/25,mdrdesp1,mad
145.224.117.128/25,mdrdesp1,mad
145.224.122.0/25,wrswpol1,waw
145.224.122.128/25,wrswpol1,waw
145.224.123.0/25,wrswpol1,waw
145.224.123.128/25,wrswpol1,waw
145.224.124.0/25,mdrdesp1,mad
145.224.124.128/25,mdrdesp1,mad
145.224.125.0/25,nrbiken1,nbo
145.224.125.128/25,nrbiken1,nbo
145.224.127.0/25,nrbiken1,nbo
145.224.127.128/25,nrbiken1,nbo
148.222.130.0/25,sntochl1,scl
148.222.130.128/25,sntochl1,scl
148.222.131.0/25,sntochl1,scl
148.222.131.128/25,sntochl1,scl
148.222.200.0/25,bgtacol1,bog
148.222.200.128/25,bgtacol1,bog
148.222.201.0/25,limaper1,lim
148.222.201.128/25,limaper1,lim
148.222.216.0/25,splobra1,gru
148.222.216.128/25,splobra1,gru
148.222.217.0/25,sntochl1,scl
148.222.217.128/25,sntochl1,scl
148.222.220.0/25,sntochl1,scl
148.222.220.128/25,sntochl1,scl
148.222.221.0/25,sntochl1,scl
148.222.221.128/25,sntochl1,scl
149.19.161.0/25,limaper1,lim
149.19.161.128/25,limaper1,lim
149.19.162.0/25,bgtacol1,bog
149.19.162.128/25,bgtacol1,bog
149.19.163.0/25,bgtacol1,bog
149.19.163.128/25,bgtacol1,bog
149.19.168.0/25,qrtomex1,qro
149.19.168.128/25,qrtomex1,qro
149.19.170.0/25,lsancax1,lax
149.19.170.128/25,lsancax1,lax
149.19.171.0/25,lsancax1,lax
149.19.171.128/25,lsancax1,lax
150.228.26.0/25,lndngbr1,lhr
150.228.26.128/25,lndngbr1,lhr
150.228.27.0/25,frntdeu1,fra
150.228.27.128/25,frntdeu1,fra
150.228.145.0/25,mnlaphl1,mnl
150.228.145.128/25,mnlaphl1,mnl
150.228.212.0/25,mnlaphl1,mnl
150.228.212.128/25,mnlaphl1,mnl
150.228.213.0/25,mnlaphl1,mnl
150.228.213.128/25,mnlaphl1,mnl
153.66.213.0/25,chcoilx1,ord
153.66.213.128/25,chcoilx1,ord
153.66.243.0/25,dllstxx1,dfw
153.66.243.128/25,dllstxx1,dfw
169.155.232.0/25,mlnnita1,mxp
169.155.232.128/25,mlnnita1,mxp
169.155.233.0/25,mdrdesp1,mad
169.155.233.128/25,mdrdesp1,mad
169.155.242.0/25,sfiabgr1,sof
169.155.242.128/25,sfiabgr1,sof
169.155.243.0/25,wrswpol1,waw
169.155.243.128/25,wrswpol1,waw
170.203.194.128/25,tkyojpn1,nrt
170.203.195.128/25,sydyaus1,syd
170.203.199.0/25,bgtacol1,bog
170.203.199.128/25,bgtacol1,bog
170.203.223.0/25,mmmiflx1,mia
170.203.223.128/25,mmmiflx1,mia
173.250.197.0/25,atlagax3,atl2
173.250.197.128/25,atlagax3,atl2
173.250.198.0/25,prtdorx3,pdx2
173.250.198.128/25,prtdorx3,pdx2
179.60.174.0/25,gtmygtm1,gua
179.60.174.128/25,gtmygtm1,gua
188.92.248.0/25,mdrdesp1,mad
188.92.248.128/25,mdrdesp1,mad
188.92.249.0/25,mdrdesp1,mad
188.92.249.128/25,mdrdesp1,mad
188.92.250.0/25,mlnnita1,mxp
188.92.250.128/25,mlnnita1,mxp
188.92.251.0/25,frntdeu1,fra
188.92.251.128/25,frntdeu1,fra
188.92.255.0/25,sfiabgr1,sof
188.92.255.128/25,sfiabgr1,sof
188.95.144.0/25,sfiabgr1,sof
188.95.144.128/25,sfiabgr1,sof
188.95.145.0/25,sfiabgr1,sof
188.95.145.128/25,sfiabgr1,sof
200.189.27.0/25,bgtacol1,bog
200.189.27.128/25,bgtacol1,bog
202.65.236.0/25,jtnaidn2,jkt
202.65.236.128/25,jtnaidn2,jkt
206.83.104.0/25,tkyojpn1,nrt
206.83.104.128/25,tkyojpn1,nrt
206.83.105.0/25,brseaus1,bne
206.83.105.128/25,brseaus1,bne
206.83.106.0/25,tkyojpn1,nrt
206.83.106.128/25,tkyojpn1,nrt
206.83.107.0/25,sydyaus1,syd
206.83.107.128/25,sydyaus1,syd
206.83.108.0/25,sngesgp1,sin
206.83.108.128/25,sngesgp1,sin
206.83.109.0/25,tkyojpn1,nrt
206.83.109.128/25,tkyojpn1,nrt
206.83.110.0/25,sngesgp1,sin
206.83.110.128/25,sngesgp1,sin
206.83.111.0/25,mlbeaus1,mel
206.83.111.128/25,mlbeaus1,mel
206.83.117.0/25,sydyaus1,syd
206.83.117.128/25,sydyaus1,syd
206.83.124.0/25,tkyojpn1,nrt
206.83.124.128/25,tkyojpn1,nrt
206.83.125.0/25,tkyojpn1,nrt
206.83.125.128/25,tkyojpn1,nrt
206.83.126.0/25,acklnzl1,akl
206.83.127.128/25,acklnzl1,akl
209.198.130.0/25,mlnnita1,mxp
209.198.130.128/25,mlnnita1,mxp
209.198.131.0/25,sfiabgr1,sof
209.198.131.128/25,sfiabgr1,sof
209.198.132.0/25,frntdeu1,fra
209.198.132.128/25,frntdeu1,fra
209.198.133.0/25,mlnnita1,mxp
209.198.133.128/25,mlnnita1,mxp
209.198.134.0/25,wrswpol1,waw
209.198.134.128/25,wrswpol1,waw
209.198.135.0/25,frntdeu1,fra
209.198.135.128/25,frntdeu1,fra
209.198.142.0/25,lndngbr1,lhr
209.198.142.128/25,lndngbr1,lhr
209.198.149.0/25,sfiabgr1,sof
209.198.149.128/25,sfiabgr1,sof
209.198.151.0/25,nrbiken1,nbo
209.198.151.128/25,nrbiken1,nbo
209.198.155.0/25,frntdeu1,fra
209.198.155.128/25,frntdeu1,fra
212.105.138.0/25,dohaqat1,doh
212.105.138.128/25,dohaqat1,doh
212.105.139.0/25,sfiabgr1,sof
212.105.139.128/25,sfiabgr1,sof
212.105.142.0/25,frntdeu1,fra
212.105.142.128/25,frntdeu1,fra
212.105.143.0/25,dohaqat1,doh
212.105.143.128/25,dohaqat1,doh
212.105.149.0/25,mlnnita1,mxp
212.105.149.128/25,mlnnita1,mxp
216.128.0.0/25,nrbiken1,nbo
216.128.0.128/25,nrbiken1,nbo
216.128.5.0/25,mdrdesp1,mad
216.128.5.128/25,mdrdesp1,mad
216.128.23.0/25,mlnnita1,mxp
216.128.23.128/25,mlnnita1,mxp
216.128.25.0/25,frntdeu1,fra
216.128.25.128/25,frntdeu1,fra
216.234.219.0/25,jhngzaf1,jnb
216.234.219.128/25,jhngzaf1,jnb
217.142.25.0/25,dohaqat1,doh
217.142.25.128/25,dohaqat1,doh
217.142.26.0/25,sfiabgr1,sof
217.142.26.128/25,sfiabgr1,sof
217.142.27.0/25,dohaqat1,doh
217.142.27.128/25,dohaqat1,doh
217.142.30.0/25,dohaqat1,doh
217.142.30.128/25,dohaqat1,doh
65.181.28.64/26,mnlaphl1,mnl
65.181.28.128/26,mnlaphl1,mnl
65.181.29.64/26,mnlaphl1,mnl
65.181.29.128/26,mnlaphl1,mnl
87.251.24.64/26,frntdeu1,fra
87.251.24.128/26,frntdeu1,fra
87.251.26.64/26,wrswpol1,waw
87.251.26.128/26,wrswpol1,waw
87.251.30.64/26,frntdeu1,fra
87.251.30.128/26,frntdeu1,fra
87.251.31.64/26,frntdeu1,fra
87.251.31.128/26,frntdeu1,fra
91.102.180.64/26,frntdeu1,fra
91.102.180.128/26,frntdeu1,fra
98.97.54.128/26,mmmiflx1,mia
98.97.54.192/26,mmmiflx1,mia
98.97.72.64/26,mdrdesp1,mad
98.97.72.128/26,mdrdesp1,mad
116.91.214.64/26,sydyaus1,syd
116.91.214.128/26,sydyaus1,syd
129.222.66.0/26,acklnzl1,akl
129.222.66.64/26,acklnzl1,akl
129.224.200.0/26,mmmiflx1,mia
129.224.200.64/26,mmmiflx1,mia
138.84.46.128/26,bgtacol1,bog
138.84.46.192/26,bgtacol1,bog
138.84.50.64/26,splobra1,gru
138.84.50.128/26,splobra1,gru
138.84.51.64/26,sntochl1,scl
138.84.51.128/26,sntochl1,scl
138.84.61.128/26,dllstxx1,dfw
138.84.61.192/26,dllstxx1,dfw
143.105.66.0/26,gtmygtm1,gua
143.105.66.64/26,gtmygtm1,gua
143.105.94.0/26,sfiabgr1,sof
143.105.94.64/26,sfiabgr1,sof
143.105.94.128/26,sfiabgr1,sof
143.105.94.192/26,sfiabgr1,sof
145.224.86.64/26,mlnnita1,mxp
145.224.86.128/26,mlnnita1,mxp
145.224.92.128/26,lndngbr1,lhr
145.224.92.192/26,lndngbr1,lhr
145.224.93.64/26,frntdeu1,fra
145.224.93.128/26,frntdeu1,fra
145.224.109.64/26,wrswpol1,waw
145.224.109.128/26,wrswpol1,waw
145.224.126.0/26,mlnnita1,mxp
145.224.126.64/26,mlnnita1,mxp
145.224.126.128/26,mlnnita1,mxp
145.224.126.192/26,mlnnita1,mxp
170.203.194.0/26,tkyojpn1,nrt
170.203.194.64/26,tkyojpn1,nrt
170.203.195.0/26,sydyaus1,syd
170.203.195.64/26,sydyaus1,syd
188.92.254.64/26,sfiabgr1,sof
188.92.254.128/26,sfiabgr1,sof
200.189.18.64/26,bgtacol1,bog
200.189.18.128/26,bgtacol1,bog
202.125.100.0/26,jtnaidn2,jkt
202.125.100.64/26,jtnaidn2,jkt
206.83.126.128/26,acklnzl1,akl
206.83.126.192/26,acklnzl1,akl
206.83.127.0/26,acklnzl1,akl
206.83.127.64/26,acklnzl1,akl
209.198.143.64/26,wrswpol1,waw
209.198.143.128/26,wrswpol1,waw
209.198.145.64/26,frntdeu1,fra
209.198.145.128/26,frntdeu1,fra
209.198.148.64/26,frntdeu1,fra
209.198.148.128/26,frntdeu1,fra
209.198.154.64/26,frntdeu1,fra
209.198.154.128/26,frntdeu1,fra
212.105.134.64/26,sfiabgr1,sof
212.105.134.128/26,sfiabgr1,sof
212.105.135.64/26,wrswpol1,waw
212.105.135.128/26,wrswpol1,waw
212.105.136.64/26,wrswpol1,waw
212.105.136.128/26,wrswpol1,waw
212.105.137.64/26,nrbiken1,nbo
212.105.137.128/26,nrbiken1,nbo
212.105.144.64/26,sfiabgr1,sof
212.105.144.128/26,sfiabgr1,sof
212.105.148.64/26,frntdeu1,fra
212.105.148.128/26,frntdeu1,fra
212.105.158.64/26,mlnnita1,mxp
212.105.158.128/26,mlnnita1,mxp
212.105.159.64/26,mlnnita1,mxp
212.105.159.128/26,mlnnita1,mxp
216.128.1.64/26,wrswpol1,waw
216.128.1.128/26,wrswpol1,waw
216.128.4.64/26,mlnnita1,mxp
216.128.4.128/26,mlnnita1,mxp
216.128.16.64/26,frntdeu1,fra
216.128.16.128/26,frntdeu1,fra
216.234.218.64/26,jhngzaf1,jnb
216.234.218.128/26,jhngzaf1,jnb
217.142.24.64/26,sfiabgr1,sof
217.142.24.128/26,sfiabgr1,sof
65.181.28.0/27,mnlaphl1,mnl
65.181.28.32/27,mnlaphl1,mnl
65.181.28.192/27,mnlaphl1,mnl
65.181.28.224/27,mnlaphl1,mnl
65.181.29.0/27,mnlaphl1,mnl
65.181.29.32/27,mnlaphl1,mnl
65.181.29.192/27,mnlaphl1,mnl
65.181.29.224/27,mnlaphl1,mnl
87.251.24.0/27,frntdeu1,fra
87.251.24.32/27,frntdeu1,fra
87.251.24.192/27,frntdeu1,fra
87.251.24.224/27,frntdeu1,fra
87.251.26.0/27,wrswpol1,waw
87.251.26.32/27,wrswpol1,waw
87.251.26.192/27,wrswpol1,waw
87.251.26.224/27,wrswpol1,waw
87.251.30.0/27,frntdeu1,fra
87.251.30.32/27,frntdeu1,fra
87.251.30.192/27,frntdeu1,fra
87.251.30.224/27,frntdeu1,fra
87.251.31.0/27,frntdeu1,fra
87.251.31.32/27,frntdeu1,fra
87.251.31.192/27,frntdeu1,fra
87.251.31.224/27,frntdeu1,fra
91.102.180.0/27,frntdeu1,fra
91.102.180.32/27,frntdeu1,fra
91.102.180.192/27,frntdeu1,fra
91.102.180.224/27,frntdeu1,fra
98.97.72.0/27,mdrdesp1,mad
98.97.72.32/27,mdrdesp1,mad
98.97.72.192/27,mdrdesp1,mad
98.97.72.224/27,mdrdesp1,mad
116.91.214.0/27,sydyaus1,syd
116.91.214.32/27,sydyaus1,syd
116.91.214.192/27,sydyaus1,syd
116.91.214.224/27,sydyaus1,syd
138.84.50.0/27,splobra1,gru
138.84.50.32/27,splobra1,gru
138.84.50.192/27,splobra1,gru
138.84.50.224/27,splobra1,gru
138.84.51.0/27,sntochl1,scl
138.84.51.32/27,sntochl1,scl
138.84.51.192/27,sntochl1,scl
138.84.51.224/27,sntochl1,scl
145.224.86.0/27,mlnnita1,mxp
145.224.86.32/27,mlnnita1,mxp
145.224.86.192/27,mlnnita1,mxp
145.224.86.224/27,mlnnita1,mxp
145.224.93.0/27,frntdeu1,fra
145.224.93.32/27,frntdeu1,fra
145.224.93.192/27,frntdeu1,fra
145.224.93.224/27,frntdeu1,fra
145.224.109.0/27,wrswpol1,waw
145.224.109.32/27,wrswpol1,waw
145.224.109.192/27,wrswpol1,waw
145.224.109.224/27,wrswpol1,waw
188.92.254.0/27,sfiabgr1,sof
188.92.254.32/27,sfiabgr1,sof
188.92.254.192/27,sfiabgr1,sof
188.92.254.224/27,sfiabgr1,sof
200.189.18.0/27,bgtacol1,bog
200.189.18.32/27,bgtacol1,bog
200.189.18.192/27,bgtacol1,bog
200.189.18.224/27,bgtacol1,bog
209.198.143.0/27,wrswpol1,waw
209.198.143.32/27,wrswpol1,waw
209.198.143.192/27,wrswpol1,waw
209.198.143.224/27,wrswpol1,waw
209.198.145.0/27,frntdeu1,fra
209.198.145.32/27,frntdeu1,fra
209.198.145.192/27,frntdeu1,fra
209.198.145.224/27,frntdeu1,fra
209.198.148.0/27,frntdeu1,fra
209.198.148.32/27,frntdeu1,fra
209.198.148.192/27,frntdeu1,fra
209.198.148.224/27,frntdeu1,fra
209.198.154.0/27,frntdeu1,fra
209.198.154.32/27,frntdeu1,fra
209.198.154.192/27,frntdeu1,fra
209.198.154.224/27,frntdeu1,fra
212.105.134.0/27,sfiabgr1,sof
212.105.134.32/27,sfiabgr1,sof
212.105.134.192/27,sfiabgr1,sof
212.105.134.224/27,sfiabgr1,sof
212.105.135.0/27,wrswpol1,waw
212.105.135.32/27,wrswpol1,waw
212.105.135.192/27,wrswpol1,waw
212.105.135.224/27,wrswpol1,waw
212.105.136.0/27,wrswpol1,waw
212.105.136.32/27,wrswpol1,waw
212.105.136.192/27,wrswpol1,waw
212.105.136.224/27,wrswpol1,waw
212.105.137.0/27,nrbiken1,nbo
212.105.137.32/27,nrbiken1,nbo
212.105.137.192/27,nrbiken1,nbo
212.105.137.224/27,nrbiken1,nbo
212.105.144.0/27,sfiabgr1,sof
212.105.144.32/27,sfiabgr1,sof
212.105.144.192/27,sfiabgr1,sof
212.105.144.224/27,sfiabgr1,sof
212.105.148.0/27,frntdeu1,fra
212.105.148.32/27,frntdeu1,fra
212.105.148.192/27,frntdeu1,fra
212.105.148.224/27,frntdeu1,fra
212.105.158.0/27,mlnnita1,mxp
212.105.158.32/27,mlnnita1,mxp
212.105.158.192/27,mlnnita1,mxp
212.105.158.224/27,mlnnita1,mxp
212.105.159.0/27,mlnnita1,mxp
212.105.159.32/27,mlnnita1,mxp
212.105.159.192/27,mlnnita1,mxp
212.105.159.224/27,mlnnita1,mxp
216.128.1.0/27,wrswpol1,waw
216.128.1.32/27,wrswpol1,waw
216.128.1.192/27,wrswpol1,waw
216.128.1.224/27,wrswpol1,waw
216.128.4.0/27,mlnnita1,mxp
216.128.4.32/27,mlnnita1,mxp
216.128.4.192/27,mlnnita1,mxp
216.128.4.224/27,mlnnita1,mxp
216.128.16.0/27,frntdeu1,fra
216.128.16.32/27,frntdeu1,fra
216.128.16.192/27,frntdeu1,fra
216.128.16.224/27,frntdeu1,fra
216.234.218.0/27,jhngzaf1,jnb
216.234.218.32/27,jhngzaf1,jnb
216.234.218.192/27,jhngzaf1,jnb
216.234.218.224/27,jhngzaf1,jnb
217.142.24.0/27,sfiabgr1,sof
217.142.24.32/27,sfiabgr1,sof
217.142.24.192/27,sfiabgr1,sof
217.142.24.224/27,sfiabgr1,sof
202.125.100.128/28,jtnaidn2,jkt
202.125.100.144/28,jtnaidn2,jkt
2401:e320:800::/38,jtnaidn2,jkt
2401:e320:c00::/38,srbaidn2,sub
2406:2d40::/38,mnlaphl1,mnl
2406:2d40:400::/38,sngesgp1,sin
2406:2d40:800::/38,tkyojpn1,nrt
2406:2d40:c00::/38,dhkabgd1,dac
2406:2d40:1000::/38,chrhnzl1,chc
2406:2d40:1400::/38,acklnzl1,akl
2406:2d40:1800::/38,sydyaus1,syd
2406:2d40:1c00::/38,mlbeaus1,mel
2406:2d40:5c00::/38,almykaz1,ala
2406:2d40:8400::/38,brseaus1,bne
2406:2d40:8800::/38,prthaus1,per
2605:59c1::/38,sttlwax1,sea
2605:59c1:400::/38,lsancax1,lax
2605:59c1:800::/38,chcoilx1,ord
2605:59c1:c00::/38,nwyynyx1,lga
2605:59c1:1000::/38,atlagax1,atl
2605:59c1:1400::/38,dllstxx1,dfw
2605:59c1:1800::/38,lgosnga1,los
2605:59c1:2000::/38,dnvrcox1,den
2605:59c1:2400::/38,mmmiflx1,mia
2605:59c1:2800::/38,sltyutx1,pvu
2605:59c1:2c00::/38,snjecax1,sjc
2605:59c1:3000::/38,tmpeazx1,phx
2605:59c1:3400::/38,jhngzaf1,jnb
2605:59c1:3800::/38,clgycan1,yyc
2605:59c1:3c00::/38,mntlcan1,yul
2605:59c1:4000::/38,knsymox1,mci
2605:59c1:4400::/38,nrbiken1,nbo
2605:59c1:4800::/38,mplsmnx1,msp
2605:59c1:4c00::/38,ashnvax2,iad
2803:9810::/38,qrtomex1,qro
2803:9810:400::/38,gtmygtm1,gua
2803:9810:800::/38,bgtacol1,bog
2803:9810:c00::/38,frtabra1,for
2803:9810:1000::/38,splobra1,gru
2803:9810:1400::/38,bnssarg1,eze
2803:9810:1800::/38,sntochl1,scl
2803:9810:1c00::/38,limaper1,lim
2803:9810:2000::/38,brsabra1,bsb
2a0d:3344:4000::/38,msctomn1,mct
2a0d:3344:4400::/38,dohaqat1,doh
2a0d:3344:4800::/38,wrswpol1,waw
2a0d:3344:4c00::/38,sfiabgr1,sof
2a0d:3344:5000::/38,frntdeu1,fra
2a0d:3344:5400::/38,mlnnita1,mxp
2a0d:3344:5800::/38,lndngbr1,lhr
2a0d:3344:5c00::/38,mdrdesp1,mad
2401:e320::/40,srbaidn2,sub
2401:e320:100::/40,srbaidn2,sub
2401:e320:400::/40,jtnaidn2,jkt
2401:e320:500::/40,jtnaidn2,jkt
2406:2d40:2000::/40,prthaus1,per
2406:2d40:2200::/40,prthaus1,per
2406:2d40:2400::/40,brseaus1,bne
2406:2d40:2500::/40,brseaus1,bne
2406:2d40:2800::/40,mmbiind1,bom
2406:2d40:2900::/40,mmbiind1,bom
2406:2d40:2a00::/40,mmbiind1,bom
2406:2d40:2b00::/40,mmbiind1,bom
2406:2d40:2c00::/40,dhkabgd1,dac
2406:2d40:2f00::/40,dhkabgd1,dac
2406:2d40:3000::/40,tkyojpn1,nrt
2406:2d40:3100::/40,tkyojpn1,nrt
2406:2d40:3300::/40,tkyojpn1,nrt
2406:2d40:3800::/40,sydyaus1,syd
2406:2d40:3900::/40,brseaus1,bne
2406:2d40:3b00::/40,mnlaphl1,mnl
2406:2d40:3c00::/40,almykaz1,ala
2406:2d40:3d00::/40,almykaz1,ala
2406:2d40:3e00::/40,almykaz1,ala
2406:2d40:3f00::/40,almykaz1,ala
2406:2d40:4000::/40,sydyaus1,syd
2406:2d40:4100::/40,sydyaus1,syd
2406:2d40:4400::/40,sydyaus1,syd
2406:2d40:4600::/40,sydyaus1,syd
2406:2d40:4700::/40,sydyaus1,syd
2406:2d40:4900::/40,mnlaphl1,mnl
2406:2d40:4a00::/40,sfiabgr1,sof
2406:2d40:4d00::/40,sydyaus1,syd
2406:2d40:5800::/40,almykaz1,ala
2406:2d40:5900::/40,almykaz1,ala
2406:2d40:5a00::/40,tkyojpn1,nrt
2406:2d40:5b00::/40,sngesgp1,sin
2406:2d40:6000::/40,sngesgp1,sin
2406:2d40:6100::/40,sngesgp1,sin
2406:2d40:6300::/40,sngesgp1,sin
2406:2d40:6400::/40,chrhnzl1,chc
2406:2d40:6800::/40,mlbeaus1,mel
2406:2d40:6900::/40,mlbeaus1,mel
2406:2d40:6a00::/40,mlbeaus1,mel
2406:2d40:7200::/40,acklnzl1,akl
2406:2d40:7600::/40,acklnzl1,akl
2406:2d40:8000::/40,sngesgp1,sin
2406:2d40:8300::/40,sngesgp1,sin
2406:2d40:9000::/40,mnlaphl1,mnl
2406:2d40:9100::/40,mnlaphl1,mnl
2406:2d40:9200::/40,mnlaphl1,mnl
2406:2d40:9400::/40,mnlaphl1,mnl
2406:2d40:9800::/40,sngesgp1,sin
2406:2d40:9900::/40,sngesgp1,sin
2406:2d40:9a00::/40,sngesgp1,sin
2406:2d40:9b00::/40,mlbeaus1,mel
2406:2d40:9c00::/40,mnlaphl1,mnl
2406:2d40:9d00::/40,brseaus1,bne
2406:2d40:9e00::/40,tkyojpn1,nrt
2406:2d40:9f00::/40,sydyaus1,syd
2406:2d40:a000::/40,sydyaus1,syd
2406:2d40:a100::/40,sydyaus1,syd
2406:2d40:a200::/40,sydyaus1,syd
2406:2d40:a300::/40,sngesgp1,sin
2406:2d40:a400::/40,acklnzl1,akl
2406:2d40:a500::/40,acklnzl1,akl
2406:2d40:a600::/40,acklnzl1,akl
2406:2d40:a700::/40,acklnzl1,akl
2406:2d40:a800::/40,acklnzl1,akl
2406:2d40:a900::/40,acklnzl1,akl
2406:2d40:aa00::/40,acklnzl1,akl
2406:2d40:ab00::/40,sngesgp1,sin
2406:2d40:ac00::/40,mnlaphl1,mnl
2406:2d40:ad00::/40,mnlaphl1,mnl
2406:2d40:ae00::/40,mnlaphl1,mnl
2605:59c0::/40,ashnvax2,iad
2605:59c0:100::/40,ashnvax2,iad
2605:59c0:200::/40,ashnvax2,iad
2605:59c0:300::/40,ashnvax2,iad
2605:59c0:400::/40,ashnvax2,iad
2605:59c0:500::/40,ashnvax2,iad
2605:59c0:600::/40,mmmiflx1,mia
2605:59c0:700::/40,ashnvax2,iad
2605:59c0:800::/40,tmpeazx1,phx
2605:59c0:900::/40,nrbiken1,nbo
2605:59c0:a00::/40,sfiabgr1,sof
2605:59c0:b00::/40,lgosnga1,los
2605:59c0:c00::/40,chcoilx1,ord
2605:59c0:d00::/40,ashnvax2,iad
2605:59c0:e00::/40,lgosnga1,los
2605:59c0:f00::/40,mmmiflx1,mia
2605:59c0:1000::/40,mmmiflx1,mia
2605:59c0:1100::/40,mmmiflx1,mia
2605:59c0:1200::/40,mmmiflx1,mia
2605:59c0:1300::/40,mmmiflx1,mia
2605:59c0:1700::/40,mmmiflx1,mia
2605:59c0:1800::/40,lgosnga1,los
2605:59c0:1900::/40,lgosnga1,los
2605:59c0:1a00::/40,nrbiken1,nbo
2605:59c0:1b00::/40,nrbiken1,nbo
2605:59c0:1c00::/40,lgosnga1,los
2605:59c0:1d00::/40,lgosnga1,los
2605:59c0:1e00::/40,lgosnga1,los
2605:59c0:1f00::/40,lgosnga1,los
2605:59c0:2000::/40,snjecax1,sjc
2605:59c0:2100::/40,snjecax1,sjc
2605:59c0:2200::/40,snjecax1,sjc
2605:59c0:2300::/40,snjecax1,sjc
2605:59c0:2400::/40,mntlcan1,yul
2605:59c0:2500::/40,mntlcan1,yul
2605:59c0:2600::/40,mntlcan1,yul
2605:59c0:2700::/40,mntlcan1,yul
2605:59c0:2800::/40,mntlcan1,yul
2605:59c0:2900::/40,mntlcan1,yul
2605:59c0:2a00::/40,mntlcan1,yul
2605:59c0:2b00::/40,mntlcan1,yul
2605:59c0:2c00::/40,sttlwax1,sea
2605:59c0:2d00::/40,mdrdesp1,mad
2605:59c0:2e00::/40,nrbiken1,nbo
2605:59c0:2f00::/40,nrbiken1,nbo
2605:59c0:3000::/40,sltyutx1,pvu
2605:59c0:3100::/40,sltyutx1,pvu
2605:59c0:3200::/40,sltyutx1,pvu
2605:59c0:3400::/40,nrbiken1,nbo
2605:59c0:3500::/40,lgosnga1,los
2605:59c0:3600::/40,nrbiken1,nbo
2605:59c0:3700::/40,nrbiken1,nbo
2605:59c0:3800::/40,mlnnita1,mxp
2605:59c0:3900::/40,nrbiken1,nbo
2605:59c0:3a00::/40,nrbiken1,nbo
2605:59c0:3c00::/40,nrbiken1,nbo
2605:59c0:3d00::/40,nrbiken1,nbo
2605:59c0:3e00::/40,bgtacol1,bog
2605:59c0:4000::/40,tmpeazx1,phx
2605:59c0:4100::/40,tmpeazx1,phx
2605:59c0:4200::/40,tmpeazx1,phx
2605:59c0:4300::/40,tmpeazx1,phx
2605:59c0:4800::/40,mdrdesp1,mad
2605:59c0:4900::/40,mdrdesp1,mad
2605:59c0:4a00::/40,mdrdesp1,mad
2605:59c0:5400::/40,clgycan1,yyc
2605:59c0:5500::/40,clgycan1,yyc
2605:59c0:5600::/40,clgycan1,yyc
2605:59c0:5700::/40,clgycan1,yyc
2605:59c0:5800::/40,clgycan1,yyc
2605:59c0:5a00::/40,nrbiken1,nbo
2605:59c0:5b00::/40,lgosnga1,los
2605:59c0:6000::/40,gtmygtm1,gua
2605:59c0:6100::/40,gtmygtm1,gua
2605:59c0:6400::/40,jhngzaf1,jnb
2605:59c0:6600::/40,jhngzaf1,jnb
2605:59c0:6700::/40,jhngzaf1,jnb
2605:59c0:6900::/40,gtmygtm1,gua
2605:59c0:6e00::/40,atlagax1,atl
2605:59c0:6f00::/40,atlagax1,atl
2605:59c8::/40,sttlwax1,sea
2605:59c8:100::/40,sttlwax1,sea
2605:59c8:200::/40,sttlwax1,sea
2605:59c8:300::/40,sttlwax1,sea
2605:59c8:400::/40,sttlwax1,sea
2605:59c8:500::/40,sttlwax1,sea
2605:59c8:600::/40,sttlwax1,sea
2605:59c8:700::/40,sttlwax1,sea
2605:59c8:800::/40,sttlwax1,sea
2605:59c8:900::/40,sttlwax1,sea
2605:59c8:a00::/40,sttlwax1,sea
2605:59c8:b00::/40,atlagax1,atl
2605:59c8:c00::/40,dllstxx1,dfw
2605:59c8:d00::/40,ashnvax2,iad
2605:59c8:e00::/40,ashnvax2,iad
2605:59c8:f00::/40,tmpeazx1,phx
2605:59c8:1000::/40,chcoilx1,ord
2605:59c8:1100::/40,chcoilx1,ord
2605:59c8:1300::/40,chcoilx1,ord
2605:59c8:1400::/40,chcoilx1,ord
2605:59c8:1500::/40,chcoilx1,ord
2605:59c8:1700::/40,chcoilx1,ord
2605:59c8:1800::/40,chcoilx1,ord
2605:59c8:1900::/40,chcoilx1,ord
2605:59c8:1a00::/40,chcoilx1,ord
2605:59c8:1b00::/40,chcoilx1,ord
2605:59c8:1c00::/40,snjecax1,sjc
2605:59c8:2000::/40,nwyynyx1,lga
2605:59c8:2100::/40,nwyynyx1,lga
2605:59c8:2200::/40,nwyynyx1,lga
2605:59c8:2300::/40,nwyynyx1,lga
2605:59c8:2400::/40,nwyynyx1,lga
2605:59c8:2500::/40,nwyynyx1,lga
2605:59c8:2600::/40,nwyynyx1,lga
2605:59c8:2700::/40,nwyynyx1,lga
2605:59c8:2b00::/40,nwyynyx1,lga
2605:59c8:2c00::/40,nwyynyx1,lga
2605:59c8:3000::/40,lsancax1,lax
2605:59c8:3100::/40,lsancax1,lax
2605:59c8:3200::/40,lsancax1,lax
2605:59c8:3300::/40,lsancax1,lax
2605:59c8:3400::/40,lsancax1,lax
2605:59c8:3800::/40,mntlcan1,yul
2605:59c8:3900::/40,tmpeazx1,phx
2605:59c8:3a00::/40,mplsmnx1,msp
2605:59c8:3b00::/40,atlagax1,atl
2605:59c8:3c00::/40,mplsmnx1,msp
2605:59c8:3d00::/40,dllstxx1,dfw
2605:59c8:3e00::/40,lsancax1,lax
2605:59c8:3f00::/40,sttlwax1,sea
2605:59c8:4000::/40,dllstxx1,dfw
2605:59c8:4100::/40,dllstxx1,dfw
2605:59c8:4200::/40,dllstxx1,dfw
2605:59c8:4300::/40,dllstxx1,dfw
2605:59c8:4400::/40,dllstxx1,dfw
2605:59c8:4500::/40,dllstxx1,dfw
2605:59c8:4600::/40,dllstxx1,dfw
2605:59c8:4700::/40,dllstxx1,dfw
2605:59c8:4800::/40,knsymox1,mci
2605:59c8:4900::/40,knsymox1,mci
2605:59c8:4a00::/40,knsymox1,mci
2605:59c8:4b00::/40,bgtacol1,bog
2605:59c8:4c00::/40,sntochl1,scl
2605:59c8:4d00::/40,sltyutx1,pvu
2605:59c8:5000::/40,dnvrcox1,den
2605:59c8:5100::/40,dnvrcox1,den
2605:59c8:5200::/40,dnvrcox1,den
2605:59c8:5300::/40,dnvrcox1,den
2605:59c8:5400::/40,mdrdesp1,mad
2605:59c8:5500::/40,mdrdesp1,mad
2605:59c8:5600::/40,lgosnga1,los
2605:59c8:6000::/40,atlagax1,atl
2605:59c8:6100::/40,atlagax1,atl
2605:59c8:6200::/40,atlagax1,atl
2605:59c8:6300::/40,atlagax1,atl
2605:59c8:6500::/40,frtabra1,for
2605:59c8:6800::/40,frtabra1,for
2605:59c8:6900::/40,frtabra1,for
2605:59c8:6a00::/40,frtabra1,for
2605:59c8:6b00::/40,knsymox1,mci
2605:59c8:6c00::/40,jhngzaf1,jnb
2605:59c8:6d00::/40,nrbiken1,nbo
2605:59c8:6e00::/40,mmmiflx1,mia
2605:59c8:7000::/40,qrtomex1,qro
2605:59c8:7100::/40,qrtomex1,qro
2605:59c8:7300::/40,qrtomex1,qro
2605:59c8:7400::/40,qrtomex1,qro
2605:59c8:7600::/40,qrtomex1,qro
2605:59c8:8100::/40,lgosnga1,los
2605:59c8:8200::/40,prtdorx3,pdx2
2605:59c8:8300::/40,atlagax3,atl2
2605:59ca:1000::/40,mplsmnx1,msp
2605:59ca:1100::/40,mplsmnx1,msp
2605:59ca:1200::/40,mplsmnx1,msp
2605:59ca:1300::/40,mplsmnx1,msp
2605:59ca:1400::/40,mplsmnx1,msp
2605:59ca:1500::/40,mntlcan1,yul
2605:59ca:1600::/40,mplsmnx1,msp
2605:59ca:2000::/40,sltyutx1,pvu
2605:59ca:2100::/40,sltyutx1,pvu
2605:59ca:2200::/40,sltyutx1,pvu
2605:59ca:2300::/40,sltyutx1,pvu
2605:59ca:2400::/40,sltyutx1,pvu
2605:59ca:2500::/40,sltyutx1,pvu
2605:59ca:2600::/40,sltyutx1,pvu
2605:59ca:2700::/40,sltyutx1,pvu
2605:59ca:2800::/40,ashnvax2,iad
2605:59ca:2900::/40,ashnvax2,iad
2605:59ca:2a00::/40,ashnvax2,iad
2605:59ca:2b00::/40,ashnvax2,iad
2605:59ca:2c00::/40,ashnvax2,iad
2605:59ca:2d00::/40,ashnvax2,iad
2605:59ca:2e00::/40,ashnvax2,iad
2605:59ca:2f00::/40,frntdeu1,fra
2605:59ca:3000::/40,ashnvax2,iad
2605:59ca:3100::/40,ashnvax2,iad
2605:59ca:3200::/40,ashnvax2,iad
2605:59ca:3300::/40,sttlwax1,sea
2605:59ca:3400::/40,sttlwax1,sea
2605:59ca:3500::/40,snjecax1,sjc
2605:59ca:3600::/40,snjecax1,sjc
2605:59ca:3700::/40,lsancax1,lax
2605:59ca:3800::/40,lsancax1,lax
2605:59ca:3900::/40,tmpeazx1,phx
2605:59ca:3a00::/40,tmpeazx1,phx
2605:59ca:3b00::/40,mmmiflx1,mia
2605:59ca:3c00::/40,nwyynyx1,lga
2605:59ca:3d00::/40,nwyynyx1,lga
2605:59ca:3e00::/40,nwyynyx1,lga
2605:59ca:3f00::/40,nwyynyx1,lga
2605:59ca:4000::/40,nwyynyx1,lga
2605:59ca:4100::/40,nwyynyx1,lga
2605:59ca:4200::/40,nwyynyx1,lga
2605:59ca:4300::/40,nwyynyx1,lga
2605:59ca:4400::/40,mntlcan1,yul
2605:59ca:4500::/40,mntlcan1,yul
2605:59ca:4600::/40,mntlcan1,yul
2605:59ca:4700::/40,atlagax1,atl
2605:59ca:4800::/40,atlagax1,atl
2605:59ca:4900::/40,atlagax1,atl
2605:59ca:4a00::/40,atlagax1,atl
2605:59ca:4b00::/40,atlagax1,atl
2605:59ca:4c00::/40,atlagax1,atl
2605:59ca:4d00::/40,atlagax1,atl
2605:59ca:4e00::/40,atlagax1,atl
2605:59ca:4f00::/40,atlagax1,atl
2605:59ca:5000::/40,clgycan1,yyc
2605:59ca:5100::/40,dllstxx1,dfw
2605:59ca:5200::/40,dllstxx1,dfw
2605:59ca:5300::/40,dllstxx1,dfw
2605:59ca:5400::/40,dllstxx1,dfw
2605:59ca:5500::/40,dllstxx1,dfw
2605:59ca:5600::/40,mplsmnx1,msp
2605:59ca:5700::/40,mplsmnx1,msp
2605:59ca:5800::/40,mplsmnx1,msp
2605:59ca:5900::/40,mplsmnx1,msp
2605:59ca:5a00::/40,mplsmnx1,msp
2605:59ca:5b00::/40,dnvrcox1,den
2605:59ca:5c00::/40,dnvrcox1,den
2605:59ca:5d00::/40,dnvrcox1,den
2605:59ca:5e00::/40,dnvrcox1,den
2605:59ca:5f00::/40,dnvrcox1,den
2605:59ca:6000::/40,dnvrcox1,den
2605:59ca:6100::/40,dnvrcox1,den
2605:59ca:6200::/40,dnvrcox1,den
2605:59ca:6300::/40,dnvrcox1,den
2605:59ca:6400::/40,dnvrcox1,den
2605:59ca:6500::/40,chcoilx1,ord
2605:59ca:6600::/40,chcoilx1,ord
2605:59ca:6700::/40,chcoilx1,ord
2605:59ca:6800::/40,chcoilx1,ord
2605:59ca:6900::/40,chcoilx1,ord
2605:59ca:6a00::/40,chcoilx1,ord
2605:59ca:6b00::/40,chcoilx1,ord
2605:59ca:6c00::/40,chcoilx1,ord
2605:59ca:6d00::/40,chcoilx1,ord
2605:59ca:6e00::/40,chcoilx1,ord
2605:59ca:6f00::/40,knsymox1,mci
2605:59ca:7000::/40,knsymox1,mci
2605:59ca:7100::/40,knsymox1,mci
2605:59ca:7200::/40,knsymox1,mci
2605:59ca:7300::/40,knsymox1,mci
2605:59ca:8100::/40,jhngzaf1,jnb
2605:59ca:8200::/40,jhngzaf1,jnb
2605:59ca:8300::/40,jhngzaf1,jnb
2605:59ca:8400::/40,jhngzaf1,jnb
2605:59ca:8600::/40,jhngzaf1,jnb
2605:59ca:8700::/40,jhngzaf1,jnb
2605:59ca:8800::/40,jhngzaf1,jnb
2605:59ca:8900::/40,jhngzaf1,jnb
2605:59ca:8b00::/40,mmmiflx1,mia
2605:59ca:8c00::/40,mmmiflx1,mia
2605:59ca:8d00::/40,mmmiflx1,mia
2605:59ca:8e00::/40,mmmiflx1,mia
2605:59ca:8f00::/40,mmmiflx1,mia
2605:59ca:9000::/40,mmmiflx1,mia
2605:59ca:9100::/40,mmmiflx1,mia
2605:59ca:9200::/40,mmmiflx1,mia
2605:59ca:9300::/40,mmmiflx1,mia
2803:9810:3000::/40,sntochl1,scl
2803:9810:3100::/40,sntochl1,scl
2803:9810:3200::/40,sntochl1,scl
2803:9810:3300::/40,splobra1,gru
2803:9810:3400::/40,limaper1,lim
2803:9810:3500::/40,limaper1,lim
2803:9810:3600::/40,sntochl1,scl
2803:9810:3700::/40,limaper1,lim
2803:9810:3800::/40,splobra1,gru
2803:9810:3900::/40,bnssarg1,eze
2803:9810:3a00::/40,bgtacol1,bog
2803:9810:3b00::/40,brsabra1,bsb
2803:9810:3c00::/40,sntochl1,scl
2803:9810:3d00::/40,sntochl1,scl
2803:9810:3e00::/40,bnssarg1,eze
2803:9810:3f00::/40,frtabra1,for
2803:9810:4000::/40,splobra1,gru
2803:9810:4100::/40,splobra1,gru
2803:9810:4200::/40,splobra1,gru
2803:9810:4300::/40,splobra1,gru
2803:9810:4400::/40,splobra1,gru
2803:9810:4500::/40,splobra1,gru
2803:9810:4600::/40,splobra1,gru
2803:9810:4800::/40,splobra1,gru
2803:9810:4900::/40,splobra1,gru
2803:9810:4a00::/40,splobra1,gru
2803:9810:4b00::/40,splobra1,gru
2803:9810:4c00::/40,brsabra1,bsb
2803:9810:4d00::/40,brsabra1,bsb
2803:9810:4e00::/40,brsabra1,bsb
2803:9810:4f00::/40,brsabra1,bsb
2803:9810:5000::/40,bgtacol1,bog
2803:9810:5100::/40,bgtacol1,bog
2803:9810:5200::/40,bgtacol1,bog
2803:9810:5500::/40,bgtacol1,bog
2803:9810:5600::/40,bgtacol1,bog
2803:9810:5900::/40,bnssarg1,eze
2803:9810:5a00::/40,qrtomex1,qro
2803:9810:5b00::/40,frtabra1,for
2803:9810:5c00::/40,gtmygtm1,gua
2803:9810:5d00::/40,gtmygtm1,gua
2803:9810:5e00::/40,gtmygtm1,gua
2803:9810:5f00::/40,gtmygtm1,gua
2803:9810:6000::/40,limaper1,lim
2803:9810:6100::/40,limaper1,lim
2803:9810:6300::/40,gtmygtm1,gua
2803:9810:6400::/40,splobra1,gru
2803:9810:6500::/40,gtmygtm1,gua
2803:9810:6800::/40,bgtacol1,bog
2803:9810:7000::/40,frtabra1,for
2803:9810:7200::/40,frtabra1,for
2803:9810:8400::/40,sntochl1,scl
2803:9810:8500::/40,splobra1,gru
2803:9810:8600::/40,sntochl1,scl
2803:9810:8700::/40,sntochl1,scl
2803:9810:a000::/40,mmmiflx1,mia
2803:9810:a100::/40,limaper1,lim
2803:9810:a200::/40,mmmiflx1,mia
2803:9810:a500::/40,mmmiflx1,mia
2803:9810:b000::/40,bnssarg1,eze
2803:9810:b100::/40,bnssarg1,eze
2803:9810:b200::/40,bnssarg1,eze
2803:9810:b400::/40,bnssarg1,eze
2803:9810:b500::/40,bnssarg1,eze
2803:9810:b600::/40,bnssarg1,eze
2803:9810:b700::/40,bnssarg1,eze
2803:9810:b800::/40,bgtacol1,bog
2803:9810:b900::/40,bgtacol1,bog
2803:9810:ba00::/40,bgtacol1,bog
2803:9810:bb00::/40,bgtacol1,bog
2803:9810:bc00::/40,bgtacol1,bog
2803:9810:bd00::/40,bgtacol1,bog
2803:9810:be00::/40,bgtacol1,bog
2803:9810:bf00::/40,bgtacol1,bog
2803:9810:c000::/40,limaper1,lim
2803:9810:c100::/40,limaper1,lim
2803:9810:c200::/40,limaper1,lim
2803:9810:c300::/40,mmmiflx1,mia
2803:9810:c400::/40,bnssarg1,eze
2a0d:3341:b100::/40,frntdeu1,fra
2a0d:3341:b300::/40,frntdeu1,fra
2a0d:3341:b400::/40,mdrdesp1,mad
2a0d:3341:b500::/40,frntdeu1,fra
2a0d:3341:b600::/40,lndngbr1,lhr
2a0d:3341:b700::/40,lndngbr1,lhr
2a0d:3341:b800::/40,mlnnita1,mxp
2a0d:3341:b900::/40,frntdeu1,fra
2a0d:3341:ba00::/40,wrswpol1,waw
2a0d:3341:bb00::/40,frntdeu1,fra
2a0d:3341:bc00::/40,nrbiken1,nbo
2a0d:3341:bd00::/40,frntdeu1,fra
2a0d:3341:c000::/40,dohaqat1,doh
2a0d:3341:c400::/40,wrswpol1,waw
2a0d:3341:c700::/40,wrswpol1,waw
2a0d:3341:c900::/40,wrswpol1,waw
2a0d:3341:ca00::/40,mlnnita1,mxp
2a0d:3341:cc00::/40,mlnnita1,mxp
2a0d:3341:cd00::/40,mlnnita1,mxp
2a0d:3341:cf00::/40,mlnnita1,mxp
2a0d:3341:d400::/40,msctomn1,mct
2a0d:3341:d800::/40,wrswpol1,waw
2a0d:3341:d900::/40,wrswpol1,waw
2a0d:3341:dd00::/40,mlnnita1,mxp
2a0d:3341:de00::/40,sfiabgr1,sof
2a0d:3341:df00::/40,sfiabgr1,sof
2a0d:3341:e000::/40,sfiabgr1,sof
2a0d:3341:e400::/40,sfiabgr1,sof
2a0d:3341:e500::/40,dohaqat1,doh
2a0d:3341:e600::/40,frntdeu1,fra
2a0d:3341:e700::/40,frntdeu1,fra
2a0d:3341:e800::/40,frntdeu1,fra
2a0d:3341:ea00::/40,frntdeu1,fra
2a0d:3341:eb00::/40,frntdeu1,fra
2a0d:3341:ed00::/40,frntdeu1,fra
2a0d:3341:ee00::/40,frntdeu1,fra
2a0d:3341:ef00::/40,frntdeu1,fra
2a0d:3341:f000::/40,dohaqat1,doh
2a0d:3341:f100::/40,dohaqat1,doh
2a0d:3341:f200::/40,frntdeu1,fra
2a0d:3341:f300::/40,frntdeu1,fra
2a0d:3341:f400::/40,frntdeu1,fra
2a0d:3341:f600::/40,frntdeu1,fra
2a0d:3341:f700::/40,frntdeu1,fra
2a0d:3341:f800::/40,frntdeu1,fra
2a0d:3341:f900::/40,frntdeu1,fra
2a0d:3341:fa00::/40,lndngbr1,lhr
2a0d:3341:fb00::/40,lndngbr1,lhr
2a0d:3341:fc00::/40,mdrdesp1,mad
2a0d:3341:fd00::/40,mdrdesp1,mad
2a0d:3341:fe00::/40,lgosnga1,los
2a0d:3344::/40,lndngbr1,lhr
2a0d:3344:100::/40,lndngbr1,lhr
2a0d:3344:200::/40,lndngbr1,lhr
2a0d:3344:300::/40,lndngbr1,lhr
2a0d:3344:1000::/40,frntdeu1,fra
2a0d:3344:1400::/40,frntdeu1,fra
2a0d:3344:1500::/40,frntdeu1,fra
2a0d:3344:2000::/40,mdrdesp1,mad
2a0d:3344:2100::/40,mdrdesp1,mad
2a0d:3344:2300::/40,mdrdesp1,mad
2a0d:3344:2800::/40,mdrdesp1,mad
2a0d:3344:2c00::/40,sfiabgr1,sof
2a0d:3344:2d00::/40,sfiabgr1,sof
2a0d:3344:2e00::/40,lgosnga1,los
2a0d:3344:3000::/40,sfiabgr1,sof
2a0d:3344:3100::/40,sfiabgr1,sof
2a0d:3344:3200::/40,sfiabgr1,sof
2a0d:3344:3500::/40,sfiabgr1,sof
2a0d:3344:3a00::/40,sfiabgr1,sof
2a0d:3344:3c00::/40,sfiabgr1,sof
2a0d:3344:3d00::/40,sfiabgr1,sof
2a0d:3344:3e00::/40,mlnnita1,mxp
2a0d:3344:3f00::/40,mdrdesp1,mad
2a0d:3344:6000::/40,mlnnita1,mxp
2a0d:3344:6100::/40,mlnnita1,mxp
2a0d:3344:6200::/40,mlnnita1,mxp
2a0d:3344:6300::/40,mlnnita1,mxp
2a0d:3344:6400::/40,mlnnita1,mxp
2a0d:3344:6500::/40,mlnnita1,mxp
2a0d:3344:6600::/40,sfiabgr1,sof
2a0d:3344:6700::/40,sfiabgr1,sof
2a0d:3344:6800::/40,sfiabgr1,sof
2a0d:3344:6900::/40,sfiabgr1,sof
2a0d:3344:6a00::/40,sfiabgr1,sof
2a0d:3344:6b00::/40,sfiabgr1,sof
2a0d:3344:6c00::/40,sfiabgr1,sof
2a0d:3344:6d00::/40,sfiabgr1,sof
2a0d:3344:6e00::/40,sfiabgr1,sof
2a0d:3344:6f00::/40,sfiabgr1,sof
2a0d:3344:7000::/40,sfiabgr1,sof
2a0d:3344:7100::/40,sfiabgr1,sof
2a0d:3344:7200::/40,sfiabgr1,sof
2a0d:3344:7300::/40,sfiabgr1,sof
2a0d:3344:7400::/40,wrswpol1,waw
2a0d:3344:7500::/40,wrswpol1,waw
2a0d:3344:7600::/40,wrswpol1,waw
2a0d:3344:7700::/40,wrswpol1,waw
2a0d:3344:7800::/40,wrswpol1,waw
2a0d:3344:7900::/40,wrswpol1,waw
2a0d:3344:7a00::/40,wrswpol1,waw
2a0d:3344:7b00::/40,wrswpol1,waw
2406:2d40:2d00::/41,sngesgp1,sin
2406:2d40:2d80::/41,sngesgp1,sin
2406:2d40:6b00::/41,mlbeaus1,mel
2605:59c0:5d80::/41,jhngzaf1,jnb
2605:59c0:5e00::/41,jhngzaf1,jnb
2605:59c0:5e80::/41,jhngzaf1,jnb
2605:59c0:5f80::/41,jhngzaf1,jnb
2605:59c0:6200::/41,gtmygtm1,gua
2605:59c0:6280::/41,gtmygtm1,gua
2605:59c0:6300::/41,gtmygtm1,gua
2605:59c0:6380::/41,gtmygtm1,gua
2605:59c0:6800::/41,gtmygtm1,gua
2605:59c8:6700::/41,mmmiflx1,mia
2406:2d40:2740::/42,brseaus1,bne
2406:2d40:3580::/42,tkyojpn1,nrt
2406:2d40:4300::/42,sydyaus1,syd
2406:2d40:4380::/42,sydyaus1,syd
2406:2d40:43c0::/42,sydyaus1,syd
2406:2d40:4c80::/42,sydyaus1,syd
2406:2d40:6200::/42,sngesgp1,sin
2406:2d40:7340::/42,acklnzl1,akl
2406:2d40:7380::/42,acklnzl1,akl
2406:2d40:7400::/42,sydyaus1,syd
2406:2d40:7440::/42,sydyaus1,syd
2406:2d40:7500::/42,sydyaus1,syd
2406:2d40:7540::/42,sydyaus1,syd
2406:2d40:7580::/42,sydyaus1,syd
2406:2d40:8100::/42,sngesgp1,sin
2406:2d40:9300::/42,mnlaphl1,mnl
2406:2d40:9500::/42,mnlaphl1,mnl
2406:2d40:9540::/42,mnlaphl1,mnl
2605:59c0:1440::/42,mmmiflx1,mia
2605:59c0:1480::/42,mmmiflx1,mia
2605:59c0:14c0::/42,mmmiflx1,mia
2605:59c0:1500::/42,mmmiflx1,mia
2605:59c0:1540::/42,mmmiflx1,mia
2605:59c0:1580::/42,mmmiflx1,mia
2605:59c0:15c0::/42,frtabra1,for
2605:59c0:16c0::/42,mmmiflx1,mia
2605:59c0:5c40::/42,jhngzaf1,jnb
2605:59c0:5f00::/42,jhngzaf1,jnb
2605:59c0:5f40::/42,jhngzaf1,jnb
2605:59c0:6500::/42,jhngzaf1,jnb
2605:59c8:2d00::/42,nwyynyx1,lga
2605:59c8:6400::/42,mmmiflx1,mia
2605:59c8:6480::/42,mmmiflx1,mia
2605:59c8:67c0::/42,mmmiflx1,mia
2605:59c8:7240::/42,qrtomex1,qro
2803:9810:5340::/42,bgtacol1,bog
2803:9810:53c0::/42,bgtacol1,bog
2803:9810:5400::/42,bgtacol1,bog
2803:9810:5440::/42,bgtacol1,bog
2803:9810:5480::/42,mmmiflx1,mia
2803:9810:54c0::/42,mmmiflx1,mia
2803:9810:5700::/42,mmmiflx1,mia
2803:9810:5780::/42,mmmiflx1,mia
2803:9810:6200::/42,limaper1,lim
2803:9810:6280::/42,limaper1,lim
2803:9810:62c0::/42,limaper1,lim
2803:9810:a380::/42,mmmiflx1,mia
2803:9810:a400::/42,mmmiflx1,mia
2803:9810:b300::/42,bnssarg1,eze
2a0d:3341:b040::/42,frntdeu1,fra
2a0d:3341:b200::/42,frntdeu1,fra
2a0d:3341:c100::/42,dohaqat1,doh
2a0d:3341:c200::/42,dohaqat1,doh
2a0d:3341:c2c0::/42,frntdeu1,fra
2a0d:3341:c300::/42,dohaqat1,doh
2a0d:3341:c500::/42,wrswpol1,waw
2a0d:3341:c540::/42,wrswpol1,waw
2a0d:3341:c580::/42,wrswpol1,waw
2a0d:3341:c5c0::/42,wrswpol1,waw
2a0d:3341:c680::/42,wrswpol1,waw
2a0d:3341:c6c0::/42,wrswpol1,waw
2a0d:3341:c800::/42,wrswpol1,waw
2a0d:3341:c840::/42,wrswpol1,waw
2a0d:3341:ce00::/42,mlnnita1,mxp
2a0d:3341:ce40::/42,mlnnita1,mxp
2a0d:3341:ce80::/42,mlnnita1,mxp
2a0d:3341:cec0::/42,mlnnita1,mxp
2a0d:3341:d000::/42,mlnnita1,mxp
2a0d:3341:d040::/42,mlnnita1,mxp
2a0d:3344:640::/42,lndngbr1,lhr
2a0d:3344:fc0::/42,lndngbr1,lhr
2a0d:3344:1240::/42,frntdeu1,fra
2a0d:3344:1280::/42,frntdeu1,fra
2a0d:3344:16c0::/42,frntdeu1,fra
2a0d:3344:17c0::/42,frntdeu1,fra
2a0d:3344:1800::/42,frntdeu1,fra
2a0d:3344:1880::/42,frntdeu1,fra
2a0d:3344:1940::/42,frntdeu1,fra
2a0d:3344:1980::/42,frntdeu1,fra
2a0d:3344:19c0::/42,frntdeu1,fra
2a0d:3344:1b00::/42,frntdeu1,fra
2a0d:3344:1d80::/42,frntdeu1,fra
2a0d:3344:1dc0::/42,frntdeu1,fra
2a0d:3344:1e80::/42,frntdeu1,fra
2a0d:3344:1f40::/42,frntdeu1,fra
2a0d:3344:2900::/42,mdrdesp1,mad
2a0d:3344:2940::/42,mdrdesp1,mad
2a0d:3344:2a00::/42,mdrdesp1,mad
2a0d:3344:3300::/42,sfiabgr1,sof
2a0d:3344:3340::/42,sfiabgr1,sof
2a0d:3344:3380::/42,sfiabgr1,sof
2a0d:3344:33c0::/42,sfiabgr1,sof
2a0d:3344:3400::/42,sfiabgr1,sof
2a0d:3344:3440::/42,sfiabgr1,sof
2a0d:3344:3480::/42,sfiabgr1,sof
2a0d:3344:34c0::/42,sfiabgr1,sof
2a0d:3344:3600::/42,sfiabgr1,sof
2a0d:3344:3640::/42,sfiabgr1,sof
2a0d:3344:3680::/42,sfiabgr1,sof
2a0d:3344:36c0::/42,sfiabgr1,sof
2a0d:3344:3740::/42,sfiabgr1,sof
2a0d:3344:3780::/42,sfiabgr1,sof
2a0d:3344:37c0::/42,sfiabgr1,sof
2a0d:3344:3840::/42,sfiabgr1,sof
2a0d:3344:3900::/42,sfiabgr1,sof
2a0d:3344:3940::/42,sfiabgr1,sof
2605:59c7:194::/46,sttlwax1,sea
